CONTENT,CLASS
Since when has Katy Perry had her own YouTube channel?ï»¿,0
Sub my channel!ï»¿,1
ILove shakira ï»¿,0
"How did THIS Video in all of YouTube get this many views and likes? Why  Gangnam style? I don't have a problem with it, i just don't understand the  phenomena behind it, it's just like any other random music video out  there. ï»¿",0
Katy Perry - Roar (Official): http://youtu.be/CevxZvSJLk8ï»¿,0
Where did she find all that make up in a freakin jungle?!ï»¿,0
Check out this video on YouTube:ï»¿,1
Why dafuq is a Korean song so big in the USA. Does that mean we support  Koreans? Last time I checked they wanted to bomb us. ï»¿,0
5 years soon!ï»¿,0
this video is great .....!!! I love this........and like much katy perryï»¿,0
fave songï»¿,0
epicï»¿,0
I'm only checking the viewsï»¿,0
awesomeï»¿,0
5 years ago damn ï»¿,0
selfie alertï»¿,0
subscribe to my pagee please.,1
Party rock due and duelï»¿,0
OMG that looks just like a piece of the mirror of harry potter and the deathly hallows.<br />Either that house. (sirius black)ï»¿,0
please subscribe i am a new youtuber and need help please subscribe and i  will subscribe back :D hoppa HOPPA GaNgAm StYlEï»¿,1
very good song:)ï»¿,0
I am now going to voyage to the first comment...      Tell my family I loved them. ğŸ˜¢ï»¿,0
I found out this song nowï»¿,0
I love this song and expect the World Cup .ï»¿,0
OMG I LOVE YOU KATY PARRY YOUR SONGS ROCK!!!!!!!!!!!!!!!!! THATS A TOTAL  SUBSCRIBEï»¿,0
"how does this video have 2,127,322,484 views if there are only 7 million  people on earth?ï»¿",0
Its funny because I listen to rock and death metal. But i like this.ï»¿,0
ÎŸh my god ... Roar is the most liked video at Vevo .. while 2 months ago  was Justin's Baby.. congrats Katy . Applause &lt;3 ï»¿,0
wow,0
Fuck you Eminemï»¿,0
Cutie girl and beautiful song,0
SHAKIRA SONG WAKA WAKAï»¿,0
Can we reach 3 billion views by December 2014? ï»¿,0
Come subscribeï»¿,1
"O peoples of the earth, I have seen how you perform every form of evil at your leisure! You cease not from reveling in that which I hate! Behold, you murder the innocent day and night and plot evil against your neighbor! You stand up for the rights of those who commit abomination and clap your hands as wickedness is celebrated openly in the streets!... O MOST PERVERSE AND ABOMINABLE GENERATION, SHALL I NOT REPAY?!  Hear the Word of The Lord - TrumpetCallOfGodOnline.  co m",1
"""....because I AM a champion...and you're gonna hear me roar!""   Today I AM my own champion  Today I AM a champion for the Creator  Today I AM doing positive in my world Today I AM blessing and healing all around me Today I AM successful and  creating success  ï»¿",0
"I love this-the talents of eminem and Skylar,works well togetherï»¿",0
Check out this playlist on YouTube:ï»¿,1
well done shakira,0
"i am 2,126,492,636 viewer :Dï»¿",0
Eminem rap can be easy for a boy but I can do thatï»¿,0
Eminem is my insperasen and favï»¿,0
"This Will Always Be My Favorite Song<br />But My Favorite Part Is <a href=""http://www.youtube.com/watch?v=KQ6zr6kCPj8&amp;t=3m40s"">3:40</a>-<a href=""http://www.youtube.com/watch?v=KQ6zr6kCPj8&amp;t=4m11s"">4:11</a> In The Video ï»¿",0
wait I SAW A KID NOT KIDDINGï»¿,0
I love you  ;pï»¿,0
Please Subscribe In My Channel â†’ï»¿,1
If only I had the body like Katy Perry :)). She looks so hot. I love her  ^^!ï»¿,0
Awesum song!! Jus luv it!ï»¿,0
subscribe to my chanellï»¿,1
"Every collaboration between them, we know it will be number 1 ï»¿",0
"Made five years ago and people still don&#39;t understand the message this song is conveying. For those of you who don&#39;t, understand that domestic violence is no game, women like the fictional one in this video do exist. Living their lives with a man who abuses her, but still chooses to stay for not the love, but for the sexual feeling he gives her. This is quite sad, actually. ï»¿",0
I love you Shakiria!!!!!!ï»¿,0
OMG 2/7 People watched this video because there are 7 billion people in the  world and 2 billion watched thisï»¿,0
WAYS TO MAKE MONEY 50k Per Month Search google Now &gt;&gt; 9nl.me/make-money-without-investment-1,1
Simply rap godï»¿,0
No one makes me wanna party like LMFAO does... I just wanna rage every time one of these songs comes on. The only other band that does that is &quot;On the Rocks Inc.&quot; those kids know how to partyï»¿,0
Check out this video on YouTube:<br /><br /><br /><br />ï»¿,1
Good videoï»¿,0
Check out this playlist on YouTube:ï»¿,1
http://hackfbaccountlive.com/?ref=5242575ï»¿,1
No-I hate The Way U LIe!!ï»¿,0
"It makes me happy instantly, and makes me forgot everything bad happening!ï»¿",0
PLEASE VOTE FOR ME FOR THE WET SEAL MODEL 2015 CONTEST! MY INSTAGRAM  USERNAME IS destinyforever_  http://www.wetseal.com/modelsearch15/modelsearch15.htmlï»¿,1
#2012bitchesï»¿,0
Party rock! XDï»¿,0
This Song will never get old,0
"OH SHIT THIS WAS UPLOADED ON MY BIRTHDAY, finally my birthday isnt a curse, because on this day maylaysia airlines went missing, so i thought my birthday was a curse xDï»¿",0
is that Megan foxï»¿,0
PSY - GANGNAM STYLE (ê°•ë‚¨ìŠ¤íƒ€ì¼) M/V: http://youtu.be/9bZkp7q19f0ï»¿,0
i like this song because of all the animals and i like this song .ï»¿,0
Wanderfol is love or miusicï»¿,0
"I don&#39;t understand this song, I have had the passion for women feel like im losing my mind but i don&#39;t understand the ideas of loving the the way someone lies.....ï»¿",0
:),0
The great mother of the jungle. Sweet and natural. I like her videos.ï»¿,0
"Hi -this is Johnny: 1. If You already know my music - thumb this up, because You found it this way, too. 2. If You want to hear original songs completely made by 1 person, continue reading:  I sing, write original music+lyrics &amp; play guitar, bass, drums &amp; keyboards. I&#39;m a 1-man-band. My music is completely independent &amp; 100% listener-supported. If You want to hear it &amp; if You&#39;re willing to help record new album - click on my name/picture.  Thank You &amp; enjoy the music - wish You awesome day!",1
"Haha, I can&#39;t believe how many kids listen to Eminem.  You kids know that he does drugs and ends high in jail. I wonder why he never ended OD. ï»¿",0
THUMBS UP FOR ROBO GUY BABYï»¿,0
LOVE TROP FORT VOTRE  clipï»¿,0
like!!!!!,0
"Hello all 29.24% earth population of the world, hope your having a great  day :)ï»¿",0
LMFAO!!!!!!!!ï»¿,0
Check out this playlist on YouTube:Central ï»¿,1
ğŸ˜«ğŸ˜“ğŸ˜ğŸ˜ªğŸ˜”ğŸ˜–ğŸ˜ŒğŸ˜­ğŸ˜ğŸ˜šğŸ˜˜ğŸ˜™ğŸ˜—ğŸ˜‹ğŸ˜ğŸ˜œğŸ˜›ğŸ˜ğŸ˜’ğŸ˜ğŸ˜·ğŸ˜¶ğŸ˜µğŸ˜³ğŸ˜²ğŸ˜±ğŸ˜ŸğŸ˜°ğŸ˜©ğŸ˜¨ğŸ˜§ğŸ˜¦ğŸ˜¥ğŸ˜¤ğŸ˜£ğŸ˜®ğŸ˜´ğŸ˜¢ğŸ˜¡ğŸ˜ ğŸ˜¬ğŸ˜•ğŸ˜‘ğŸ˜ğŸ˜¯ğŸ˜‰ğŸ˜ˆğŸ˜‡ğŸ˜†ğŸ˜…ğŸ˜„ğŸ˜ƒğŸ˜‚ğŸ˜ğŸ˜€ğŸ˜Šâ˜º  every single types of face on earthï»¿,0
Love this song!!!,0
Eminem is idol for very people in EspaÃ±a and Mexico or Latinoamericaï»¿,0
Watch Maroon 5's latest 2nd single from V (It Was Always You) www.youtube. com/watch?v=TQ046FuAu00ï»¿,1
"the views...... They&#39;re over 90,000!!!!!!!!!!!!!!!!!!!!!!!!!!!!!!!!!!!!!!!!!!!!!!!!!!!!!!!!!!!!!!!!!!!!!!!!!!!!!!!!!!!!!!!!!ï»¿",0
Love Songï»¿,0
Gusttavo Lima VocÃª nÃ£o me conhece <br />Check outï»¿,1
This song is so beauty,0
Eminem rocks!ï»¿,0
i want to be that robot guy...ï»¿,0
"Hi there~I'm group leader of Angel, a rookie Korean pop group. We have four  members, Chanicka, Julie, Stephanie, and myself, Leah. Please feel free to  check out our channel and leave some feedback on our cover videos (:  criticism is welcome as we know we're not top notch singers so please come  leave some constructive feedback on our videos; we appreciate any chance to  improve before auditioning for a Korean management company. We plan on  auditioning for JYP, BigHit, Jellyfish, YG or SM. Thank you for taking time  out of your day to read this !ï»¿",1
PARTY ROCK (8) ~ï»¿,0
"When I hear Katy singing this, I cry. The song has got depth.ï»¿",0
i hate rapï»¿,0
I wish that guy wasn&#39;t so protective geezeï»¿,0
If she really did this there she's hardcoreï»¿,0
Glad to know im not the only one who knows its katheryn's birthday today :)  happy birthday katy...and my sister. (they seriously have the same  birthday...)ï»¿,0
" Something to dance to, even if your sad JUST dance!!   PSY - GANGNAM STYLE (ê°•ë‚¨ìŠ¤íƒ€ì¼) M/V: http://youtu.be/9bZkp7q19f0ï»¿",0
Y LOVE YOUï»¿,0
How old is Katy perry?ï»¿,0
I want new song,0
I love the way you lieï»¿,0
Man this song really does get in your bones - one minute I&#39;m nearly dosing off to sleep - the next I&#39;m shuffling like crazy with hot feet XDï»¿,0
BEST SONG! GO SHAKI :Dï»¿,0
subscribers please`ï»¿,1
GANGMAN STY- *D-D-D-D-D-D--DROP THE BASS!!*ï»¿,0
It was  cool   the best   song ever  ï»¿,0
I like how the robot shuffles he shuffles goodï»¿,0
katy perry will u sit on my face please. it would be really awesome and  i'll give you 5 dollars. ok if you want to do this then please call me and  subscribe to my channel first ok thats good and then u sit on my face and  ill get an erection then you sit more k?ï»¿,1
"I loved, she is amazing.. OMG your eyes*_*ï»¿",0
She looks like Megan FoxÂ ğŸ˜‚ xD!!ï»¿,0
"You are all sheep, period. This is terrible music.ï»¿",0
subscribe me plzzzzzzz plzzzzzzzzzzzzzzzzzzzzzzzzzzzzzzzï»¿,1
Waka waka ï»¿,0
I WILL NEVER FORGET THIS SONG IN MY LIFE LIKE THIS COMMENT OF YOUR HEARING THIS SONG FOR LIKE A YEAR!!!!!,1
Amazing songï»¿,0
Just gonna stand there and hear me cry ..ï»¿,0
Anyone else think this video theme is a bit of an insult to 28 days later? ï»¿,0
likeeeeeeeeeï»¿,0
I hate it when Laura Bennett comes inï»¿,0
lol so funny love itï»¿,0
Whose who are watching this in 2015. Â LIKE!ï»¿,0
so beutiful,0
please suscribe i am bored of 5 subscribers try to get it to 20!ï»¿,1
Love this songï»¿,0
She is fitï»¿,0
"mindblowing dance.,.,.superbbb songï»¿",0
i was born in the wrong generationï»¿,0
never gets oldï»¿,0
i hate this music. fucking singer and every koean chainise ana US sucks me dick.ï»¿,0
"so crazy, over 2 billion views, not US, not Uk, its Korea republic, its  asiaï»¿",0
Why did they stop their career in music? This music rocks !ï»¿,0
P E A C E  &amp;  L O V E  ! !ï»¿,0
Shakira :-*,0
It is 0 zeroï»¿,0
In my head this is like 2 years ago.. Time FLIESï»¿,0
*KATY YOU ARE A SHIT GO DIE!!!!!ROAR IS A FLOOOOOOOOOOOOOOOOOOOOP*ï»¿,0
"Hello Guys...I Found a Way to Make Money Online You Can Get Paid To Mess Around On Facebook And Twitter! GET PAID UPTO $25 to $35 AN HOUR...Only at 4NetJobs.com Work from the Comfort of your Home... They are Currently Hiring People from all Over the World, For a Wide Range of Social Media Jobs on Sites such as Facebook,Twitter and YouTube You don&#39;t Need any Prior Skills or Experience and You can Begin Work Immediately! You Can Easily Make $4000 to $5000+ Monthly Incomeâ€¦Only at 4NetJobs.com",1
For all of the little kidz out there there is Like 7 to 8 Billon people on  earth NOT 7 to 8 MILLON.Get you facts straight before posting comments.ï»¿,0
"Hey youtubers... I really appreciate all of you who took the time, to read this, I am just a 19 year old boy who wants to be a successful musician in the music world. I dont have any money to advertise my channel, If you could just visit my channel, comment on my video or subscribe, that would be great.... It will only be few seconds of your life..... Thank u to all the people who just gave me a chance l really appreciate it  ",1
i check back often to help reach 2x10^9 views and I avoid watching Babyï»¿,0
The most liked video on YouTube...ï»¿,0
sexy shakiraï»¿,0
I lover this song,0
old and good songï»¿,0
OMG over 2 billion views!ï»¿,0
Very nice,0
I remember that torunament like it was today.ï»¿,0
charlieee :DDDD (Those who saw Lost only will understand)ï»¿,0
"This song is great there are 2,127,315,950 views wowï»¿",0
"coby this USL and past :<br /><a href=""http://adf.ly"">http://adf.ly</a> /1HmVtX<br />delete space after yï»¿",1
Memoriesï»¿,0
cool cool cool cool cool cool coolï»¿,0
The Guy in the yellow suit kinda looks like Jae-suk ï»¿,0
XD I WAS GOING CRAZY FUCKIN CRAZY WATCHIN THIS BRAHï»¿,0
WOw,0
Whose watching this in 2015. If so hi-5ï»¿,0
I hate videos like these with those poor animals.ï»¿,0
I could hear this for years ;3ï»¿,0
thumbs up if you think this should have 1 billion viewsï»¿,0
i remember this song!,0
You gotta say its funny. well not 2 billion worth funny but still. It  clicked and everything went uphill. At least you don't have JB's shit on  #1.ï»¿,0
â–‘â–‘â–‘â–‘â–‘â–‘â–‘/\â–‘â–‘â–‘â–‘â–‘â–„â–<br />â–‘â–‘â–‘â–‘â–‘â–‘/ Â  Â  \â–‘â–‘â–‘â–„â–ˆâ–ˆâ–„<br />â–‘â–‘â–‘â–‘â–‘/ Â (o) Â  \â–‘â–‘â–‘â–‘â–‘â–€â–ˆâ–„<br />â–‘â–‘â–‘â–‘/ Â  Â  Â  Â  Â  Â  \â–‘â–‘â–‘â–‘â–‘â–‘â–€â–ˆâ–„<br />â–‘â–‘â–‘/__ Â  \ Â  â–‘â–„â–„â–„â–„â–„â–€â–€<br />â–‘â–‘â–‘â–‘â–„â–„â–„â–ˆâ–ˆâ–€â–€â–€â–€<br />â–‘â–‘â–‘â–ˆâ–€â–„â–„â–„â–ˆâ–‘â–€â–€ Â  Â  Â  YOU HAVE BEEN SPOOKED BY THE SPOOKINATI<br />â–‘â–‘â–‘â–Œâ–‘â–„â–„â–„â–â–Œâ–€â–€â–€<br />â–„â–‘â–â–‘â–‘â–‘â–„â–„â–‘â–ˆâ–‘â–€â–€ Â  Â SHARE THIS TO 666 PEOPLE TO BE UNSPOOKEDÂ <br />â–€â–ˆâ–Œâ–‘â–‘â–‘â–„â–‘â–€â–ˆâ–€â–‘â–€Â <br />â–‘â–‘â–‘â–‘â–‘â–‘â–‘â–„â–„â–â–Œâ–„â–„<br />â–‘â–‘â–‘â–‘â–‘â–‘â–‘â–€â–ˆâ–ˆâ–ˆâ–€â–ˆâ–‘â–„<br />â–‘â–‘â–‘â–‘â–‘â–‘â–â–Œâ–€â–„â–€â–„â–€â–â–„<br />â–‘â–‘â–‘â–‘â–‘â–‘â–â–€â–‘â–‘â–‘â–‘â–‘â–‘â–â–Œ<br />â–‘â–‘â–‘â–‘â–‘â–‘â–ˆâ–‘â–‘â–‘â–‘â–‘â–‘â–‘â–‘â–ˆ<br />â–‘â–‘â–‘â–‘â–‘â–â–Œâ–‘â–‘â–‘â–‘â–‘â–‘â–‘â–‘â–‘â–ˆ<br />â–‘â–‘â–‘â–‘â–‘â–ˆâ–‘â–‘â–‘â–‘â–‘â–‘â–‘â–‘â–‘â–‘â–â–Œï»¿,1
gofundme.com/grwmpsï»¿,1
I think he was drunk during this :) x)ï»¿,0
looooooooooooooooooooovvvvvvvvveeeeeeeeeeee itttttttttttttï»¿,0
my favorite songï»¿,0
 I hate this song! ï»¿,0
Subscribe to my channel <br />Tweet &amp; Follow me on twitter //therealterrell_ <br />And I will follow you back ğŸ‘€ï»¿,1
I like the music...but is anyone listening to the lyrics?ï»¿,0
I hav absolutely no idea what he's saying. Is it even a language?ï»¿,0
god she is so sexy! drives me crazy!,0
Me and my aunt love this song!!!!!ï»¿,0
I LOVE YOU KATTY PERRY &lt;3 ï»¿,0
OOOOO SHUFFLLLLLLLLLLLLLLLLLLLLLLINNNNNï»¿,0
I heard this when I was only 6 years old and I still love itï»¿,0
Nice love itttttttt wurkkkkkkkkkkkkkkkkkkkkkkkkkkkkkkkkkkkkkkkkkkkkkkkkkkkkkkkkkkkkkkkkkkkkkkkkkkkkkkkkkkkkkkkkkkkkkkkkkkkkkï»¿,0
LoveğŸ˜˜â¤ğŸ’–ï»¿,0
Never gets old best song ever  â¤ï»¿,0
this is the 2nd most best song when im gone by m&amp;mï»¿,0
LOVE THE WAY YOU LIE ..&quot;ï»¿,0
Will this song ever reach 7 Billion Views?ï»¿,0
"katy perry does remind me of a tiger,like as if its her spirit animal :3 &lt;3ï»¿",0
Subscribe to my Youtube Channel!! :) Suscribite a mi canal de Youtube -WhatUKnow,1
OPPA &lt;3ï»¿,0
this song sucksï»¿,0
Check out this video on YouTube:ï»¿,1
Awesome ï»¿,0
Omg it&#39;s going to have 1bi views!ï»¿,0
What niceiâ›ºâ™¥â™¥â™¥â™¥ï»¿,0
Shakiraï»¿,0
"If you could take time &amp; spare a min to read this, then thank you.Â <br /><br />Im a rapper, if we&#39;re gonna be honest theres thousands maybe even millions<br /><br />of those in the world but not too many with ambition, dedication &amp; passion.<br /><br />I don&#39;t have money for huge YouTube advertisements or incredible music videos<br /><br />so all im left with is comments to expose my music.<br /><br />If you could take a moment and give me a chance ill make you a believer<br /><br />I would love? nothing more than a loyal following on YouTube. For anyone whoÂ <br /><br />Reads this could you press the &quot;THUMBS UP&quot; Â others will see it.<br /><br />Doing so will help me push closer to my dream :) Thank Youï»¿",1
Katy Perry - Roar (Official): http://youtu.be/CevxZvSJLk8ï»¿,0
Lip synch is terribleï»¿,0
"So,coolï¼ï¼ï»¿",0
shuffle!!!!!!!!!!!!!!!!!!!!!!!!!!!!!!!!!!!!!!!!!!!!!!!!!!!!!!!!!!!!!!!!!!!!!!!!!!!!!!!!!!!!!!!!!!!!!!!!!!!!!!!!!!!!!!!!!!!!!!!!!!!!!!!!!!!!!!!!!!!!!!!!!!!!!!!!!!!!!!!!!!!!!!!!!!!!!!!!!!!!!!!!!!!!!!!ï»¿,0
I love this song &amp;I love shakira&lt;333â™¡â™¡â™¡â™¡â™¡â™¡â™¡â™¡â™¡â™¡â™¡ã€Š33â˜†â˜†â˜†ï»¿,0
check out our bands page on youtube killtheclockhd - check out some of our original songs including &quot;your disguise&quot;,1
Hii youtubeï»¿,0
i turned it on mute as soon is i came on i just wanted to check the  views...ï»¿,0
"The song is very good ...but the video makes no sense...just a nonsense  video...I mean she is telling her story of being stuck on an island, but  the song doesn't fit in the situation...but nvm...The song is goodï»¿",0
Beautiful songï»¿,0
so cute that monkey *-*! ï»¿,0
best songï»¿,0
This was such an epic track. And the video is awesome!ï»¿,0
Great music anywayï»¿,0
This song is just really fun ï»¿,0
Wow. Comments section on this still active. Not bad. Also 5277478 comments.  (Now 79)ï»¿,0
Dance :)ï»¿,0
Katy Perry - Roar (Official): http://youtu.be/CevxZvSJLk8ï»¿,0
Check out this video on YouTube:jjiwajwkajajqjaubkmï»¿,1
This song/video is such a trigger but it&#39;s just so good...ï»¿,0
amazing songï»¿,0
"Dear person reading this, You are beautiful and loving Have a great dayï»¿",0
"2 billion views, only 2 million sharesï»¿",0
"If I knew Korean, this would be even funnier. At least a bit at the end was  in English, but was spoken quite rapidly.ï»¿",0
EMINEM the best EVER.ï»¿,0
beautiful song!ï»¿,0
like the songsï»¿,0
and how many subscribers compared to her over a million,1
www.marketglory.com/strategygame/lordviperasï»¿,1
why does the world not shuffle???ï»¿,0
How stupid humanity isï»¿,0
"I'm sorry Katy Perry, I was being weird. I still love you &lt;3ï»¿",0
http://www.ebay.com/itm/131338190916?ssPageName=STRK:MESELX:IT&amp;_trksid=p3984.m1555.l2649 ï»¿,1
Wow this video almost has a billion views! Didn&#39;t know it was so popular ï»¿,0
"She named the tiger Kitty Purry  No, seriously, she did, check the video ï»¿",0
adf.ly / KlD3Y,1
WELL THIS DUDES FADED THE FUCK OUT!ï»¿,0
"You exactly who u want to be,watching your favourite rappers on tvï»¿",0
Likeï»¿,0
1000000000 views.ï»¿,0
BEST SONG EVER X3333333333ï»¿,0
not 2 million view anymore :))ï»¿,0
Almost a billionï»¿,0
Likeï»¿,0
"I've figured out why I dislike this song: it's supposed to be a power  ballad right? Something that's uplifting and motivating by the end.  However, the final chorus has NO extra UMPH at the end and actually sounds  just like the first one. Instead of crescendo-ing into a powerful finish,  ""Roar"" just says on the same wavelength. It falls flat.ï»¿",0
In the beginning she was scared off everything and next thing you know she  is out in a leopard bikini!ï»¿,0
"Why there are so many dislikes. This song is so... awesome. It sounds like we MUST STOP BE RACISTS!!! If I could, I would like it 1,000,000,000 times!!!!!!!!!!!!!!!!!!!!!!!!!!!!!!!!!!!!!!!!!!!!!!ï»¿",0
gooodï»¿,0
LMFAO!ï»¿,0
Lamest World Cup song ever! This time FOR Africa? You mean IN Africa. It wasn&#39;t a Live Aid event or something. She made it seem like a charity case for them instead of a proud moment. WhereÂ was Ricky Martin when you needed him! SMHï»¿,0
I don&#39;t think this song will ever get old ï»¿,0
2 Billion Views For This Piece Of Shit... ~ A R E ~ Y O U ~ K I D D I N G ~ M E ~ï»¿,0
MEGAN FOX AND EMINEM TOGETHER IN A VIDEO Â DOESNT GET BETTER THAN THATï»¿,0
"Getting too 1billion views, holy moly.!!!ï»¿",0
"The funny thing is, 1,700,000,000 of the views are spam bots. I mean c'mon  2 BILLION views? BS!ï»¿",0
I hate rap and I like this songï»¿,0
SUBSCRIBE TO MY CHANNELï»¿,1
"Check out our vids, our songs are awesome! And that I guarantee :)ï»¿",1
katy perry  just stop it and dont do a song i dont like itï»¿,0
CHECK OUT partyman318 FR GOOD TUNEZ!! :D,1
This song is about Rape and Cheating Â  Â Â <br /><br /><br /><br /><br /><br /><br /><br /><br /><br />Basically.....ï»¿,0
"This video is so cool, again and again!ï»¿",0
Charlie from LOSTï»¿,0
"I wanted to know the name of the guy that dances at 00:58, anybody knows ?ï»¿",0
GREAT!!!ï»¿,0
Roar is without a doubt your best song...feel good song with a message for  everyone. Good job Katyï»¿,0
This is a weird video.ï»¿,0
Who df is Lauren Bennett..ï»¿,0
Check out this video on YouTube:opponents mm <br /><br /><br /><br />--â€¢[â€¢â€¢â€¢â€¢=====++Â¥Â¥Â£Â£Â£<br />ï»¿,1
Your going to hear me Roar !!!! :-))))   #soundsofsunday ï»¿,0
Justin bieber = gay ï»¿,0
"Stop Wasting Up Your Time and  Get Paid To Mess Around On Facebook And Twitter!  GET PAID UPTO $25 to $35 AN HOUR... Only at 4NetJobs.com  Work from the Comfort of your Home... We are Currently Hiring People from all Over the World,  For a Wide Range of Social Media Jobs on Sites such as Facebook,Twitter and YouTube.  You don&#39;t Need any Prior Skills or Experience and You can Begin Work Immediately!  You Can Easily Make $4000 to $5000+ Monthly Incomeâ€¦Only at 4NetJobs.com",1
I love this songï»¿,0
"Very pleasant to hear, haha, good.ï»¿",0
PLEASE CHECK OUT MY VIDEO CALLED &quot;WE LOVE MIND MASTER IT&quot; THANKS,1
I'm here to check the views.. holy shitï»¿,0
Its almost Katys birthday! October 25th Lets say happy birthday to katy!!! â™¥â™¥â™¥â™¥â™¥â™¥ï»¿,0
I like this song<br />ï»¿,0
hay my is honesty wright i am 12year old  i love your song thank you for makeing this song i love this song so much sometime harts can get breaken  people kill  they self or go cazzy i  love you so much thanks ğŸ˜±ğŸ‘keep on go  make  sure you doing your   dream is comeing rule  good luckï»¿,0
"I love this song, can&#39;t believe it was 5 years ago, it doesn&#39;t get old thoughï»¿",0
"Hey guys!  Can you please SUBSCRIBE to my channel,because I'm gonna filming a video so  hope you guys like it and thank you so much for you're support! Xoxo,Leah!  &lt;3 ï»¿",1
2010:(ï»¿,0
Goooooodï»¿,0
&lt;3ï»¿,0
this comment is wrongï»¿,0
2015 and more....ï»¿,0
"The first billion viewed this because they thought it was really cool, the  other billion and a half came to see how stupid the first billion were...ï»¿",0
Eminem - Love the way you lie â™¥ â™¥ â™¥ï»¿,0
How could 108k people dislike this song or videoï»¿,0
"870,000,000 views...566,000 comments...oh my lantaï»¿",0
I love this song!!!ï»¿,0
super rihannaï»¿,0
katy perry is awesomeï»¿,0
The best Song i saw â¤ï¸â¤ï¸â¤ï¸â¤ï¸â¤ï¸â¤ï¸â¤ï¸â¤ï¸ğŸ˜ğŸ˜ğŸ˜ğŸ˜ğŸ˜ğŸ˜ğŸ˜ğŸ˜˜ğŸ˜˜ğŸ˜˜ğŸ˜˜ğŸ˜˜ğŸ˜˜ğŸ˜˜ğŸ˜˜ï»¿,0
5 milions comentars and 2 bilion viewsï»¿,0
they Shuffle hard that they made an Earthquake in Nepalï»¿,0
I LOVE YOUR SONGSï»¿,0
that is megan foxï»¿,0
"How do you forget you have a choice, and what the fuck, surviving a plane  crash has a 1/1000 chance of happening.ï»¿",0
Lets partyï»¿,0
Amazingï»¿,0
Love this soooooooooooooooooooooooooooooooooooooooooooooooooo muchï»¿,0
Hello Brazil ğŸ˜»âœŒğŸ’“ğŸ˜»ğŸ‘ï»¿,0
White people are going extinct for more information subscribe to my channel or search for videos on &quot;white genocide&quot;  thank youï»¿,1
"People, here is a new network like FB...you register also free, the  difference is only that you get paid for sharing, commenting and liking  posts and so one...don't waste your time on fb for sharing and not being  paid!! Register here to make also money with your everyday posts!!  https://www.tsu.co/slema13 Wellcome to everyone! ;)ï»¿",1
Feels and emotions in this song...God damnï»¿,0
LOVE THIS SONG!!!ï»¿,0
&quot;HELP THE HUMANITY WITH YOUR SIGN IN TO THIS LINK WITH YOUR WHOLEHEARTED SUPPORT IF YOU SAY &quot;NO&quot; TO DISCRIMINATION. â€œUNITED WE STAND â€œ  WE WILL BRING THE CHANGE TOGETHER.  IMPOSSIBLE ITSELF SAYS I  M  POSSIBLE&quot;  YOU ARE THE WINNERS OF MY SUCCESS!CHEERS TO ALL MY LOVING BROTHERS AND SISTERS !  PLEASE SHARE THIS LINK ON FACEBOOK TO SUPPORT AGAINST DISCRIMINATION.  tinyurl(dot)com(slash)mxh2y77  FEAR NONE BUT GOD !!!,1
waka wakaï»¿,0
Coolï»¿,0
"She kinda let herself go, huh?ï»¿",0
i want to smack this year boy in to foreverï»¿,0
i love this song thumsb up to youï»¿,0
"Good thing she brought her spray-on tan, hairstylist, makeup artist, and  cameraman.ï»¿",0
"how can there be 2.124.821.694 views, when im the only person alive after  the zombie apocalypse - greetings, spoderman :)ï»¿",0
Check out this video on YouTube:ï»¿,1
I remember this :D,0
Eminem THE BEST !ï»¿,0
"2,124923004 wiews... wowï»¿",0
"check out ""starlitnightsky"" channel to see epic videosï»¿",1
"Don't mind me, I'm just checking what the views are up to : )ï»¿",0
Anybody who subscribes to me will get 10 subscribersï»¿,1
music yeahï»¿,0
What is he saying?!?!?!?!?!?!?!?$? ï»¿,0
"WE GO FOR 1,000,000,000 FOR EMINEMï»¿",0
she is sooooo beautiful!,0
I swear Shakira keeps getting more and more gorgeous! She definitely looks more gorgeous with her hair this way than super curly.ï»¿,0
her voice is so wow!,0
It is a shitï»¿,0
https://m.facebook.com/story.php?story_fbid=764484966942313&amp;id=754989901225153&amp;ref=stream  gfï»¿,1
Katy Perry - Roar (Official): http://youtu.be/CevxZvSJLk8. I love this song  and video Katy Perry Rocks Wahoo! ğŸ˜€ğŸ˜˜ï»¿,0
wow,0
love Shakira!ï»¿,0
Eminem et Rihana trop belle chansonï»¿,0
"should not have paused the music, this is a clip, not a movie.ï»¿",0
i rekt ur mum last nite. cuz da haterz were 2 much 4 meh lik dis if u cri evertim and sponswer mi robox vidz https://www.indiegogo.com/projects/gimme-dem-moneyz-4-roblox/x/8851222#homeï»¿,1
"DAMNNNNNNNN, she is sexy O_Oï»¿",0
Northland Paranormal Society is now on YouTube! Check out our channel of real Paranormal evidence!! facebook/ Northland Paranormal Society!!!,1
I love KATY PERRY &lt;3 &lt;3ï»¿,0
I'm watching this in 2014ï»¿,0
shakira is best for worldcupï»¿,0
I know it old song but (like) if you watching in 2015ï»¿,0
Ahhh back when my life didn&#39;t suck...ï»¿,0
this very good so I dance with some companions front of the whole schoolï»¿,0
Love this song !!!!!!,0
I love You Katy â™¥ï»¿,0
00 : 39 Im pretty sure that tiger just wanted a hugï»¿,0
most popular video on youtube  ï»¿,0
Is that Charlie from lost?ï»¿,0
https://www.facebook.com/photo.php?fbid=543627485763966&amp;l=0d878a889cï»¿,1
Very good! Like! :Dï»¿,0
And iÂ´m Shufflin still today :Dï»¿,0
I &lt;3 Katy Perry!ï»¿,0
http://hackfbaccountlive.com/?ref=4604617ï»¿,1
"Stop,is a very TOP 1ï»¿",0
pleas subscribe on me for ps4 games videoÂ <br /><i>______________________________</i><br />if you have som tips so contact me on kik or skype<br /><i>______________________________</i><br />Kik: pander26<br />Skype: sander.nicolaysen2<br /><i>______________________</i><br />pleas subscribe on me and Kashoo Gamingï»¿,1
http://www.bubblews.com/news/6401116-vps-solutionsï»¿,1
Was that Meghan fox??ï»¿,0
IÂ  love you Eminemï»¿,0
ROAAAAARRRRRR ğŸ¯ğŸ¯ğŸ¯ï»¿,0
PLEASSSSSSSSSSSSSSSS SUBSCRIBEEEEEEEEEE MY CHANNNNNNELLL PLZZï»¿,1
"This song is special, because is a song for Africa  and I am an African ï»¿",0
"Every time I watch this mv I just so so so glad that I live in a world that  don't have to worry about running from a real, human eating tiger.ï»¿",0
wery goodï»¿,0
That shake and that golden and black robot were really partying ï»¿,0
#1 song in world even in 2015ï»¿,0
Love this song makes me wanna dance! ï»¿,0
C'mon 3 billion views!!!!!!!!ï»¿,0
Why sooooo many downs?ï»¿,0
subscribe  my,1
"I hear this all the time on radio and its really irritating. That being  said, i like the videoï»¿",0
It's so funny it's awesomeness lol aaaaaaa sexy ladağŸ˜‚ï»¿,0
lets get it to 1 BILLIONï»¿,0
This video deserves <b>1B</b> views!!!ï»¿,0
Hey dickwad - we&#39;re all africans. The colour of your skin just tells us something about how long ago your ancestors left Africa.   Check out Baba Brinkman - he has a song called &quot;I&#39;m A African&quot;   Go learn something.,1
Good times. ï»¿,0
Let get this video to one billion viewsï»¿,0
I like this song ï»¿,0
http://binbox.io/1FIRo#123ï»¿,1
On 0:02 u can see the camera man on his glasses....ï»¿,0
Love this songï»¿,0
Party Rock....lol...who wants to shuffle!!!ï»¿,0
i love this song so much!!!!!!!!!!!!!!!!!!!!!!!!!!!!!!!!!!!!!!!!!!!!!!!!!!!!!!!!!!!!!!!!!!!!!!!!!!!!!!ï»¿,0
Man she is BEAUTIFUL!ï»¿,0
NICE GIRL :Dï»¿,0
Still watching this 2 years later? ï»¿,0
Pls follow this channel!! http://www.twitch.tv/sevadusï»¿,1
best rap everï»¿,0
Charlie from LOST?ï»¿,0
"Hey guys! I've made a amazing Smiley T-Shirt.Of all the things you wear,  your expression is the most important and remember all the statistics in  the world canâ€™t measure the warmth of a smile. If you're a big fan of  T-Shirts and want to gets more happiness, it's perfect for you.  Check this  out and buy it at www.teespring.com/smiley12 =)) thanks you guys so  much!!! ï»¿",1
This the best song i ever hire<br />ï»¿,0
Please become my first subscriber. Â Thank you.ï»¿,1
People who believe in Illuminati are stupid the same people believe that  911 was made by the American governmentï»¿,0
I love shakira<br />â¤â¤â¤â¤ï»¿,0
nice ..very niceï»¿,0
"Check out my dubstep song ""Fireball"", made with Fruity Loops. I really took  time in it.  /watch?v=telOA6RIO8oï»¿",1
like this comment if your watching in 2015 or 2016ï»¿,1
i think about 100 millions of the views come from people who only wanted to  check the viewsï»¿,0
i watched this because of the large amount of views and now i am convinced it is because that girl is so hot,0
sub me if you dont like the songï»¿,1
"when i see this back in 2015 i ask myself how people got to like this song. seems like Gangnam style copied this style though, might just be me but yeaï»¿",0
Check out this video on YouTube:ï»¿,1
adf.ly /KlD3Y,1
Such a good song ans Katy sounds great over the melody. Im growing as an  artist everyday from my hit song 'CRAZY' which has got my name out there.  cant thank my fans more for their support. If you could take a moment? to  check it and my music? maybe you'll join me to make my dream come true :)  thank you for your timeï»¿,1
wow!!!!!! increible song!!!!!!!!!ï»¿,0
Shakira is the best dancer,0
In my opinion I think you look better with black hair then blond hair : )ï»¿,0
Shakira u are so wiredo,0
"Haha its so funny to see the salt of westerners that top views of youtube  goes to video they dont even understand, keep the salt up!ï»¿",0
I lovetï»¿,0
Please share and help to my Friend! http://www.gofundme.com/jormis  Thank  you very much!ï»¿,1
Love it,0
"Why the fuck this keeps updated? Comments :""5 minutes ago"" Song: ""2 years and  4 months ago""ï»¿",0
"Hey, it&#39;s Charlie from Lostï»¿",0
watch this with sound off!ï»¿,0
superï»¿,0
I could finally do the spongebob but I started yesterday XDï»¿,0
you cant stop the shuffleï»¿,0
"THIS IS A COMPETITION TO MEET MY IDOLS, IT WOULD MEAN SO MUCH IF YOU GUYS  WILL LIKE THIS PIC ON IG! http://instagram.com/p/smZdivopxb/ï»¿",1
Your the bestâ™£â™¥ï»¿,0
"If the shitty Chinese Government didn't block YouTube over there, there'd  be close to 3 billion views right now. ï»¿",0
"LMFAO - Party Rock Anthem ft. Lauren Bennett, Gooâ€¦: <a href=""https://youtu.be/KQ6zr6kCPj8"">https://youtu.be/KQ6zr6kCPj8</a>     <br />BOX MAN GOT SOME MOVES! :D HE MAKES MEH SMILEï»¿",0
EVERYBODY PLEASE VOTE KATY AT EMA 2014 !!!!!  Best song  Best female Best pop Best live Best look  Best video  PLEASE VOTE KATY !!!!! PLEASE PLEASE PLEASE !!!!! VOTE VOTE VOTE !!!!! KATY KATY KATY !!!!!ï»¿,1
"THIS HAS MORE VIEWS THAN QUEEN AND MICHAEL JACKSON, 2 BILLION views omgï»¿",0
Still a very fun music video to watch! ï»¿,0
best song eva,0
"To everyone joking about how he hacked to get 2 billion views because  there's a certain amount of people or whatever,  He actually did buy views.ï»¿",0
Check out this video on YouTube:Ø§Ù„Ø¥Ø¹Ù„Ø§Ù†Ø§Øª<br /><br /><br /><br /><br /><br />Ù„Ù„ï»¿,1
I always have goose bumps at that part,0
I lovee it â™¥ï»¿,0
Check out this video on YouTube:ï»¿,1
still.. this reminds me of 1 years back when i was do shuffle everydayï»¿,0
i like it :)ï»¿,0
Eminem and Rihanna sing the song very well.ï»¿,0
"Shakira you are so beautiful. You are lovely, lively.. We love you.ï»¿",0
SERIOUSLY HOW DID THEY COME UP WITH THAT BEAT IT IS INSANELY GOOD HOLY FUCKï»¿,0
Hello I&#39;m from Bulgariaï»¿,0
Shuffleï»¿,0
awesome song everï»¿,0
Niceï»¿,0
This awesome song needed 4 years to reach to 800 mil views while Tango Switch bitch needed 1 year. its not fairrrrrrrï»¿,0
Nice song ^_^,0
Shakira :-*,0
Please help me go to college guys! Thanks from the bottom of my heart.  https://www.indiegogo.com/projects/i-want-to-go-to-college--19/x/9082175ï»¿,1
I love this song so muchï»¿,0
This song is true because it is insane because boys will do this to a girl and it is not true that people say that a guy will never do it to a girl but boys YOU LIERS NOW STOP TREATING US GIRLS THIS WAY YOU ALL SUCK!ï»¿,0
ILOVETHISSONGï»¿,0
Shakira is perfect,0
I cried this song bringing back some hard memoriesï»¿,0
Awsome<br />ï»¿,0
So he&#39;s admitting he killed his girlfriend???ï»¿,0
i totally love this song. absolutely fantastic! i love ya shakira!ï»¿,0
just checking the viewsï»¿,0
"Part 5. Comforter of the afflicted, pray for us Help of Christians, pray for us Queen of Angels, pray for us Queen of Patriarchs, pray for us Queen of Prophets, pray for us Queen of Apostles, pray for us Queen of Martyrs, pray for us Queen of Confessors, pray for us Queen of Virgins, pray for us Queen of all Saints, pray for us Queen conceived without original sin, pray for us Queen of the most holy Rosary, pray for us Queen of the family, pray for us Queen of peace, pray for us ",1
super musicï»¿,0
This song makes me want to drink bleachï»¿,0
5 years and i still dont get the music video help someone?ï»¿,0
It looks so real and my daughter is a big fan and she likes a lot of your  songs.ï»¿,0
Best song ever ï»¿,0
I remember when this used to be so popular all around at the time.<br />I still love it.ï»¿,0
Check out this video on YouTube:ï»¿,1
"This song is just insane.<br />Do you dance listening to this song?( i do, lol)ï»¿",0
Sick Music for sick femalesï»¿,0
"Charlie, heroin will do that to you.ï»¿",0
Check out this video on YouTube:ï»¿,1
Katy Perry's songs are the best of the songs of women artists.ï»¿,0
"check it out free stuff for watching videos and filling surveys<br /><br /><a href=""http://www.prizerebel.com/index.php?r=1446084"">http://www.prizerebel.com/index.php?r=1446084</a>ï»¿",1
Hello from Russia comes to the channel subscribeï»¿,1
EHI GUYS CAN YOU SUBSCRIBE IN MY CHANNEL? I AM A NEW YOUTUBER AND I PLAY  MINECRAFT THANKS GUYS!... SUBSCRIBE!ï»¿,1
I still to this day wonder why this video is so popular ?? illuminati  confirmed ??ï»¿,0
the most viewed youtube video of all time?ï»¿,0
 Once you have started reading do not stop. If you do not subscribe to me  within one day you and you're entire family will die so if you want to stay  alive subscribe right now.ï»¿,1
God she is so hot,0
why tiger succumbs to a beautiful girl ?.probably male tiger.....????   ha.ha.ha..ï»¿,0
2 Billions in 2014,0
nice songï»¿,0
8 million likes xD even the subscribers not 8 million xDï»¿,0
Very Nice !!!<br />Yeah Fucking.ï»¿,0
Imagine this in the news crazy woman found acting like a tiger and bit jims  ear offï»¿,0
Way was their a guy warring a robot head.ï»¿,0
this song never get's old &lt;3 ï»¿,0
"https://apps.facebook.com/my-polls/utsitcompetition2014?from=user_link&amp;ref_id=ouxg5e .  Please open this link and vote for  anand niketan international school, the  project name is project Fr-e-dom and share it with  yours friend.ï»¿",1
"Just coming to check if people are still viewing this video. And  apparently, they still do.ï»¿",0
"666,002,018 views! 666 million. 666! Katy Perry illuminati confirmed!!!ï»¿",0
"9 year olds be like, 'How does this have 2 billion views when there are  only 3 people in the world'ï»¿",0
how is this shit still relevant ï»¿,0
This video is so racist!!! There are only animals.ï»¿,0
"LMFAO - Party Rock Anthem ft. Lauren Bennett, GoonRock.ï»¿",0
"Hello everyone :) I know most of you probably pass up these kind of comments, but for those who are still reading this, thanks! I donâ€™t have any money for advertisements, no chance of getting heard, nothing... If this comes off as spam, sorry. I am a video animator, just trying to make it up into the video animation industry. Please give me the chance to prove myself to you. Please visit my channel, subscribe if you like and thumb this comment up, so everyone can see! Thank You! ",1
I think this is now a place to promote channels in the comment section lol.ï»¿,0
i&#39;m watching this on summer 2015ï»¿,0
The first comment is chuck norrus ovbiously :Dï»¿,0
Made in china....ï»¿,0
one of the BEST SONGS in music historyï»¿,0
"blue eyes, can't be trusted.  uranus bless america.ï»¿",0
Mix - PSY - GANGNAM STYLE (ê°•ë‚¨ìŠ¤íƒ€ì¼) M/V: PSY - GANGNAM STYLE (ê°•ë‚¨ìŠ¤íƒ€ì¼) M/Vï»¿,0
Admit it you just came here to check the number of viewers ï»¿,0
Rihanna is absolutely gorgeous in this video.ï»¿,0
she is horrible at acting. cringe-worhty.ï»¿,0
"http://www.bing.com/explore/rewards?PUBL=REFERAFRIEND&amp;CREA=RAW&amp;rrid=_0f9fa8aa-243a-5c2f-c349-ede05ea397ca Bing rewards, earn free money. AND NO U CANT GET UR VIRUS IN BLUE!ï»¿",1
psy=koreanï»¿,0
I love it and my mom toï»¿,0
some classsic :))))ï»¿,0
like if ur watchin in 90000000000000000000000000000000000000000000000000000000000000000000000000000000000000000000000000000000000000000000000000000000000000000000000000000000000000000000000000000000000000000000000000000000000000000000000000000000000000000000000000000000000000000000000000000000000000000000000000000000000000000000000000000000000000000000000000000000000000000Â Â Â Â Â Â Â Â Â Â Â Â Â Â Â Â Â Â Â Â Â Â Â Â Â Â Â Â Â Â Â Â Â Â Â Â Â Â Â Â Â Â Â Â Â Â Â Â Â Â Â Â Â Â Â Â Â Â Â Â Â Â Â Â Â Â Â Â Â Â Â Â Â Â Â Â Â Â Â Â Â Â Â Â Â Â Â Â Â Â Â Â Â  1ï»¿,1
Nice songï»¿,0
This is the best of the best video in world!!!!!!!!!!!!!!!!!!!!!!!!!!!!!ï»¿,0
Good song:-)ï»¿,0
VOTE FOR KATY FOR THE EMAs! #KATYCATS  http://tv.mtvema.com/artists/katy-perry/i38xh1ï»¿,1
I don't now why I'm watching this in 2014ï»¿,0
"Don&#39;t love someone soo much, love the way u lie..ï»¿",0
"Shuffling all the way with LMFAO! I like this one, wish I could shuffle like these crazy dudesï»¿",0
LMFAO best songs ever!ï»¿,0
Waka waka !!!ï»¿,0
this is increideblï»¿,0
I am going to blow my mindï»¿,0
Check out this video on YouTube:ï»¿,1
First they were fighting... Then they were making out...ï»¿,0
I love her green eyesï»¿,0
WHY DOES THIS HAVE 2 BILLION VIEWS THIS SONG IS SO ANNOYINGï»¿,0
eminem is a ginius stop!ï»¿,0
Shakira is very beautiful,0
Awesomeï»¿,0
So underrated better<br />Than  Katy perry :/ but in not saying Katy is bad but she has no meaning to her songs. Shakira has<br />Meaningful songs these are the songs which bring memories and vibe&#39;s. I will miss it.   <br />   ï»¿,0
love the you lie the goodï»¿,0
every bady yust have a good timeï»¿,0
"cool song check out my animal trafficking petition.<br /><a href=""http://www.thepetitionsite.com/387/433/550/stop-animal-trafficking/?cid=headerClick"">http://www.thepetitionsite.com/387/433/550/stop-animal-trafficking/?cid=headerClick</a>ï»¿",1
If I get 300 subscribers by tomorrow I'll do a epic Hunger Games Video! ï»¿,1
Me and my big sister like youï»¿,0
Love the video ï»¿,0
"super nice, love musiqueï»¿",0
NOKIA spottedï»¿,0
I love dis song!! 3,0
I like it<br />ï»¿,0
"Hello everyone :) I know most of you probably pass up these kind of comments, but for those who are still reading this, thanks! I donâ€™t have any money for advertisements, no chance of getting heard, nothing. I live in such a small town... If this comes off as spam, sorry. Iâ€™m an instrumental songwriter from Columbus, Mississippi. Please go to my channel and check out my original music. It would be highly appreciated if you thumbs up this comment so my music can be heard! Thank you, Adam Whitney ",1
love!!!!ï»¿,0
That's Good :)ï»¿,0
How can this music video get 2 billion views while im the only one watching  here on earth?????? lolï»¿,0
Loool nice song funny how no one understands (me) and we love itï»¿,0
5 years later i still love this songÂ <br />~Axy665ï»¿,0
857.482.940 views AWESOME !!!!!!!!!!!!!!!!!!!!!!!!!!!!!!!!!!!!!!!!!!ï»¿,0
best song ever (y)ï»¿,0
I like shakira..ï»¿,0
"NEW GOAL!   3,000,000!  Let's go for it!ï»¿",0
curti? click here ?  https://www.facebook.com/demiilovatofas?ref=hl   https://www.facebook.com/pages/Frases-Secretas/448800865296855?ref=hlï»¿,1
"""eye of the tiger"" ""i am the champion"" seems like katy perry is using  titles of old rock songs for lyrics..ï»¿",0
Rihanna is so beautiful and amazing â™¥â™¥â™¥â™¥â™¥love her so muchâ™¥â™¥â™¥â™¥ forever RiRi fan â™¥ â™¥ â™¥ â™¥ â™¥ â™¥ ï»¿,0
Katy has a voice of an Angelï»¿,0
"#nowplaying ""Weekendmix"" track 04 : Katy Perry - Roar (DJ Denis Shmelev &amp; DJ Alex Serov Remix) http://youtu.be/CevxZvSJLk8   Listen live at: www.smartfm.nl/livestream.htmlï»¿",1
Is that tiger called 'Katty Purry'?ï»¿,0
https://www.paidverts.com/ref/tomuciux99 esyest money ever. join to our  team!!!!ï»¿,1
I love this song up to the moon &gt;3 you are Rocks!ï»¿,0
so many comments.ï»¿,0
Remove This video its wankï»¿,0
This Song is AWESOME!!!!ï»¿,0
Love this song makes me wanna dance! ï»¿,0
3:46 so cute!ï»¿,0
Lol I love this songï»¿,0
BEAUTIFUL,0
....I stil lisening this :)ï»¿,0
2 billion views wow not even baby by justin beibs has that much he doesn't  deserve a capitalized nameï»¿,0
Katy has conqueror's haki &gt;:)ï»¿,0
"Rihana, Love Me. :(ï»¿",0
Wow she is sexy XDï»¿,0
coolï»¿,0
"Help shakira&#39;s waka waka be the first song by a female artist to reach 1 billion views.<br />(dark horse is ahead by roughly 100 million more views, and roar has only 50 million more views)<br /><a href=""https://www.youtube.com/watch?v=pRpeEdMmmQ0"">https://www.youtube.com/watch?v=pRpeEdMmmQ0</a>ï»¿",1
;-)ï»¿,0
Party time!ï»¿,0
"now its 1,884,034,783 views! pls. comment the view count the next hour :Pï»¿",0
"Nature is beautiful, no need to place tits in video to impress people.ï»¿",0
Is that Megan Fox?ï»¿,0
Why does a song like this have more views than Michael Jackson SMHï»¿,0
&lt;3 this song so much.SHAKIRA YOUR A REALLY GOOD ARTIST.ï»¿,0
I love roar and Katy Perry. She is my favorite singer and sometimes I just  mute the volume and look at her!ï»¿,0
just came to check the view countï»¿,0
I love song ï»¿,0
 I love your music ï»¿,0
Lol thats the guy from animal planet and lost. And the girl is megan fox i think hahah ï»¿,0
Check out this playlist on YouTube:×™<br /><br /><br /><br />â›ºğŸ¤â›ºâ›ºï»¿,1
Great songï»¿,0
NICE :3ï»¿,0
You gonna hear me ROARRRR.....ï»¿,0
"I like so much this music,  good ï»¿",0
EVERYONE PLEASE SUBSCRIBE TO MY CHANNEL OR CAN YOU ALL JUST GO LOOK AT MY VIDEOS ï»¿,1
I love musicï»¿,0
prehistoric song..has beenï»¿,0
just for test I have to say murdev.com,1
"see it all, human folly right?ï»¿",0
Check out this video on YouTube:ï»¿,1
http://9gag.com/gag/aAVpwj9/ =)ï»¿,1
"This song is like an oreo, the black part is good but the white part is betterï»¿",0
She's an old Whore!ï»¿,0
Love it!!!!!!!!!!!!!!!!ğŸ’œï»¿,0
I like the Mmph version betterï»¿,0
Check out this video on YouTube:ï»¿,1
Check out this playlist on YouTube:ï»¿,1
And somehow she has access to makeup in the middle of the woods...ï»¿,0
How can this song have 629 million views while there are only 7 million  people in the world?ï»¿,0
YOUTUBE MONEY !!!!!!!!!!!!!!!!!!!!!!!ï»¿,0
"And after the video ends, a 13 ft. boa constrictor squeezes her to death.ï»¿",0
i love Rihanna ğŸ˜ğŸ˜ğŸ˜ğŸ˜[â™§from Thailandâ™§]ï»¿,0
2:05. Hahahahah ï»¿,0
Oh my god go to 1 billion of replay i love shakiraï»¿,0
JUST DANCE 3 ğŸ˜‚ğŸ˜‚ğŸ˜‚ï»¿,0
Really good song .<br />you know love song song.ï»¿,0
Who else would give Katy perry a good old mighty roar? ;)ï»¿,0
"Check out Melbourne shuffle, everybody!ï»¿",1
Subscribe to my channel !ï»¿,1
just came here to check the views :Pï»¿,0
"Hey guys check out my new channel and our first vid THIS IS US THE  MONKEYS!!! I'm the monkey in the white shirt,please leave a like comment  and please subscribe!!!!",1
This makes me miss the world cup,0
"I fuckin love this song!<br /><br /><br />After, I&#39;m sexy and I know it ï»¿",0
Check out this video on YouTube:ï»¿,1
Party in da ğŸ  tonight ğŸ‘ğŸ‘ğŸ‘ğŸ‘ğŸ‘ğŸ‘ï»¿,0
ğŸš¨ğŸš¨ğŸš¨ğŸš¨ğŸš¨ğŸš¨ğŸš¨ğŸš¨ğŸš¨ğŸš¨ğŸš¨ğŸš¨ğŸš¨ğŸš¨ğŸš¨ğŸš¨<br />NOW THAT I HAVE YOUR ATTENTION!!! ğŸš¨ğŸš¨ğŸš¨ğŸš¨ğŸš¨ğŸš¨ğŸš¨ğŸš¨ğŸš¨ğŸš¨ğŸš¨ğŸš¨ğŸš¨ğŸš¨ğŸš¨ğŸš¨SUBSCRIBE TO MY CHANNEL!!!<br />ğŸš¨ğŸš¨ğŸš¨ğŸš¨ğŸš¨ğŸš¨ğŸš¨ğŸš¨ğŸš¨ğŸš¨ğŸš¨ğŸš¨ğŸš¨ğŸš¨ğŸš¨ğŸš¨<br />GRACIAS!ğŸ’‹<br />ğŸš¨ğŸš¨ğŸš¨ğŸš¨ğŸš¨ğŸš¨ğŸš¨ğŸš¨ğŸš¨ğŸš¨ğŸš¨ï»¿,1
im sorry for the spam but My name is Jenny. I go to high school where  everyone dresses fashionable but for me I don't because i need money to buy  cute clothes. I have low self esteem . I live with my dad. my mom passed  away when i was 6 so i don't really have a mother figure. I have 2 brothers  who is older than me. Since they are boys they get the attention while i  just be alone. I really want to wear pretty clothes like the girls in my  school and get a boyfriend. i just can't be my self. im very quite and shy  at school because i don't have the confidence in myself to talk to someone.  i did have one friend name Caroline but she moved away so now im alone. if  you could donate some money to me it would be great. i don't care about  expensive brand ill just shop at walmart because they have pretty clothes.  also i wanna get my nails done at a salon . i see alot of girls have these  french tips. i never had my nail did at a salon before i will really  appreciate if i can and get my hair curled too. http://www.gofundme.com/dressprettyonce thanks omg please.ï»¿,1
Im just to check how much views it hasï»¿,0
"Hey Music Fans I really appreciate any of you who will take the time to read this, and check my music out! I&#39;m just a 15 year old boy DREAMING of being a successful MUSICIAN in the music world. I do lots of covers, and piano covers. But I don&#39;t have money to advertise. A simple thumbs up to my comment, a comment on my videos or a SUBSCRIPTION would be a step forward! It will only be a few seconds of your life that you won&#39;t regret!!! Thank u to all the people who just give me a chance! :) ",1
Dang Dat little kid gat movesï»¿,0
"What the hell this song is already five years old?? I remember when it first came out, this was my jamï»¿",0
Can you check my videos please? Don't hate me :( Give me one oportunityï»¿,1
My friend Sam loves this songğŸ˜ŠğŸ˜ŠğŸ˜ŠğŸ˜ŠğŸ˜ŠğŸ˜ŠğŸ˜ŠğŸ˜ŠğŸ˜ŠğŸ˜ŠğŸ˜ŠğŸ˜ŠğŸ˜ŠğŸ˜ŠğŸ˜ŠğŸ˜ŠğŸ˜ŠğŸ˜ŠğŸ˜ŠğŸ˜ŠğŸ˜ŠğŸ˜ŠğŸ˜ŠğŸ˜ŠğŸ˜ŠğŸ˜ŠğŸ˜ŠğŸ˜ŠğŸ˜ŠğŸ˜ŠğŸ˜ŠğŸ˜ŠğŸ˜ŠğŸ˜ŠğŸ˜ŠğŸ˜ŠğŸ˜ŠğŸ˜ŠğŸ˜ŠğŸ˜ŠğŸ˜ŠğŸ˜ŠğŸ˜ŠğŸ˜ŠğŸ˜ŠğŸ˜Šï»¿,0
Check out this video on YouTube:ï»¿,1
PSY is a good guyï»¿,0
Wow 23 min agoï»¿,0
Wow...5 years<br />ï»¿,0
Likeï»¿,0
"OMG this oldspice spraytan party commercial omg....i'm sitting here ""NO  this isn't a real thing is it? OMG"" ï»¿",0
"1,000,000 VIEWS NEARï»¿",0
More views than nikki minaj Anacondaï»¿,0
â–¬â–¬â–¬â–¬â–¬â–¬â–¬â–¬â–¬â–¬à®œÛ©ÛÛ©à®œâ–¬â–¬â–¬â–¬â–¬â–¬â–¬â–¬ ï¼¤ï¼¡ï¼­ï¼® ï¼´ï¼¨ï¼©ï¼³ ï¼£ï¼¯ï¼­ï¼­ï¼¥ï¼®ï¼´ ï¼©ï¼³ ï¼¦ï¼¡ï¼®ï¼£Y â–¬â–¬â–¬â–¬â–¬â–¬â–¬â–¬â–¬â–¬à®œÛ©ÛÛ©à®œâ–¬â–¬â–¬â–¬â–¬â–¬â–¬â–¬ï»¿,0
"I started hating Katy Perry after finding out that she stole all of the  ideas on her videos  from an old comic book. Yet, her music is catchy. ï»¿",0
This song never gets old love it.ï»¿,0
She's awesome XDï»¿,0
My 6th grade teacher looked exactly like Katy Perry come to think of it...ï»¿,0
Screw this Chinese crap i dont even understand what he is saying. Why isn't  he speaking English like everyone should?ï»¿,0
great song you go katy!ï»¿,0
I like This Comment and do not kill :Pï»¿,1
:),0
I like,0
â¤â¤â¤â¤â¤â¤â¤ï»¿,0
That was very good I mean very very much good ï»¿,0
i love this so much. AND also I Generate Free Leads on Auto Pilot &amp; You Can  Too! http://www.MyLeaderGate.com/moretrafficï»¿,1
We can have a party next shareï»¿,1
OMG LISTEN TO THIS ITS SOO GOOD!! :Dï»¿,0
Best song everï»¿,0
It's been back for quite a while now.,0
if you like roblox minecraft world of warcraft gta5 mario suscribe to my  channelï»¿,1
CUTEÂ  :)ï»¿,0
What free gift cards? Go here  http://www.swagbucks.com/p/register?rb=13017194ï»¿,1
I love this song so much &lt;3<br />Keep em&#39; coming!ï»¿,0
WOW muslims are really egoistic..... 23% of the World population and not in this video or donating 1 dollar to the poor ones in Africa :( shame on those terrorist muslims,1
Shakira I love you,0
that time in 2011 where this shirt was coolï»¿,0
"HONESTLY, I WANNA SEE YOU BE BRAVE! oh wait...ï»¿",0
WORLD RECORD YOUTUBE VIDEO VIEWS !!!!!! XDï»¿,0
imagine if this guy put adsense on with all these views... u could pay ur  morgageï»¿,0
still watching in 2015...ï»¿,0
"Damn, this was everywhereï»¿",0
Honestly speaking except taylor swift and adele i don't lile any of the  modern day singers. But i must say whenever i hear this song i feel  goosebumps. Its quite inspiring!! Thanks miss Perry!ï»¿,0
https://www.facebook.com/pages/Nailey-nicool/629410220489046?ref=hl like  meeï»¿,1
Shakira :-*,0
the best!,0
LIKE AND SUBSCRIB IF YOU WATCH IN 2015 ;)ï»¿,1
Â are Â there Â people who like Â this shit? hahahahah :P<br />this isn&#39;t even real music.......... it&#39;s computer-based music.....<br />well done music industry.....ï»¿,0
Check out this video on YouTube:ï»¿,1
Pleas subscribe my channel GamezZMTAï»¿,1
Still the best. :Dï»¿,0
Every single one of his songs brings me back to place I can never go back to and it hurts so bad insideï»¿,0
Shakira voice sound spanish but that is what make the music sound amazing â™¥I LOVE IT,0
CHECK MY CHANNEL FOR MY NEW SONG 'STATIC'!! YOU'LL LOVE IT!!ï»¿,1
2008-2010 were the years for popï»¿,0
"Hey guys please check out my new Google+ page it has many funny pictures,  FunnyTortsPics  https://plus.google.com/112720997191206369631/postï»¿",1
everyday I&#39;m shufflinï»¿,0
I WILL FINISH THIS DISSERTATION! And I will laugh in its face when I  finish! Roaaarrr =3ï»¿,0
"C'mon Katy you are so close to 14,000,000 subscribers...come up with  another hit like this and it will happenï»¿",0
eminem - RIHANNAï»¿,0
Rihanna looks so beautiful with red hair ;)ï»¿,0
....subscribe......  ......to my........  .....channel.......ï»¿,1
She&#39;s so pretty,0
"I really don't understand how this has 600 million views lol. I'm not  hating or anything, it's just confusing. ï»¿",0
I'm not a big fan of the song but this video is awesome!ï»¿,0
"The most watched video on YouTube is Psyâ€™s â€œGangnam Styleâ€, with 2.1  billion views. PSY - GANGNAM STYLE (ê°•ë‚¨ìŠ¤íƒ€ì¼) M/Vï»¿",0
5 years... ï»¿,0
"''Little Psy, only 5 months left.. Tumor in the head :( WE WILL MISS U &lt;3ï»¿",0
i love this songï»¿,0
Loveï»¿,0
"She's got it all. Incredible voice, extremely hot, nice titsï»¿",0
Free my apps get 1m crdits ! Just click on the link and download a app and  done!! Â· Link: https://m.freemyapps.com/share/url/5af506e1ï»¿,1
If you are a person that loves real music you should listen to &quot;Cruz Supat&quot;<br />He is awesome as fuck!!! Just as eminem used to be.ï»¿,0
Check the shit out on my channel<br /><br /><br />SUBSCRIBE YOU WILL LIKE ITï»¿,1
Waka best oneï»¿,0
Check out this video on YouTube:ï»¿,1
Looooved ï»¿,0
This song means so much to me thank you  soooooooooooooooooooooooooooooooooooooooo much:-) Xxxï»¿,0
subscribe to my channel people :Dï»¿,1
wow,0
Love this song! My soccer team made a cd for our couch with this song on it!ï»¿,0
This song is so AWESOME!!!She made everything stand out and all the viewers  could imagine themselves at the setting of the video. Awesome Job Katy  Perry!!!!ï»¿,0
I love this song sooooooooooooooo muchï»¿,0
2015 &lt;3ï»¿,0
Waka wakaï»¿,0
"Dumb Guy: Why is there 2 billion views when there are 7 million people on  earth??? Also, I know what 1+1 equals! 1+1=1! I am a smartie pantsï»¿",0
I dont even watch it anymore i just come here to check on 2 Billion or notï»¿,0
I shuffled while listening to this song. THE ILLNESS IS SPREADING!!ï»¿,0
Are those real animalsï»¿,0
Coolï»¿,0
Ah. Good old times (:ï»¿,0
Every day I&#39;m Shuffling !ï»¿,0
Anyone else notice that Megan Fox is in this video?ï»¿,0
Fuck Eminem. Bieber is the best &lt;3ï»¿,0
best song in worldï»¿,0
Perfect! &lt;3ï»¿,0
One of the best song of all the timeï»¿,0
i like the lyrics but not to music videoï»¿,0
We need to get this to 1 Billion Views!!ï»¿,0
when is this gonna hit 2 billion?ï»¿,0
Come check out our parody of this!ï»¿,1
PSY - GANGNAM STYLE (ê°•ë‚¨ìŠ¤íƒ€ì¼) M/V: http://youtu.be/9bZkp7q19f0ï»¿,0
Katty is the best! ! ! ! ï»¿,0
Can somebody wake me up when we get to 3 billion views.ï»¿,0
Like if you came here too see how many views this song has.ï»¿,0
Check out this video on YouTube:ï»¿,1
this fucking song like a&#39;n oreo the only white part is the good 1ï»¿,0
I'd rather hear some propa explicit gangsta rap insted of this garbage.  This song is trash !ï»¿,0
this song is better then monster by eminemï»¿,0
Like this comment for no reasonï»¿,1
What does that tattoo on her right tricep say?ï»¿,0
Love your song makes me happyï»¿,0
I really am madly in love with this woman!!ï»¿,0
Goodï»¿,0
this song is racist,0
"This is the only video on youtube that get so much views just because we  want to see how much views it has. 1.000.000 every day, I mean, Most people  think a video is popular when it actually gets 1.000.000 views.ï»¿",0
"hot,hotï»¿",0
Katy Perry can't sing for shit. All i hear it autotune.ï»¿,0
like this comment if you&#39;re watching this video when big bang happened<br />i doï»¿,1
the song is sadï»¿,0
"Cool Video LMFAOVEVO! You should check out my shuffling videos on my channel when you get the chance. It&#39;s much appreciated. Cheers! <a rel=""nofollow"" class=""ot-hashtag"" href=""https://plus.google.com/s/%23EveryDayImVaping"">#EveryDayImVaping</a> ;-)ï»¿",1
"do you guys know, there&#39;s a part two of this song! :Dï»¿",0
https://www.facebook.com/nicushorbboy add mee &lt;3 &lt;3ï»¿,1
Great.This is a songï»¿,0
My favorite song ğŸ’—ğŸ’—ğŸ’—ğŸ’—ï»¿,0
The little PSY is suffering Brain Tumor and only has 6 more months to live.  Please pray to him and the best lucks.ï»¿,0
**CHECK OUT MY NEW MIXTAPE**** **CHECK OUT MY NEW MIXTAPE**** **CHECK OUT MY NEW MIXTAPE*** ***CHECK OUT MY NEW MIXTAPE******CHECK OUT MY NEW MIXTAPE**** **CHECK OUT MY NEW MIXTAPE**** **CHECK OUT MY NEW MIXTAPE*** ***CHECK OUT MY NEW MIXTAPE******CHECK OUT MY NEW MIXTAPE**** **CHECK OUT MY NEW MIXTAPE**** **CHECK OUT MY NEW MIXTAPE*** ***CHECK OUT MY NEW MIXTAPE******CHECK OUT MY NEW MIXTAPE**** **CHECK OUT MY NEW MIXTAPE**** **CHECK OUT MY NEW MIXTAPE*** ***CHECK OUT MY NEW MIXTAPE****,1
Thanks to this video we know that Nokia phones can survive a plane crash.ï»¿,0
Eminem best rapper all the timeï»¿,0
song is badï»¿,0
I love eminem  &lt;3ï»¿,0
Beautiful song beautiful girl it works,0
Its 2015 and still shuffling to this songğŸ¶ğŸµğŸ§ï»¿,0
man check out the raps on my channel im better rapper than these nigger foolsï»¿,1
I love this song so muchï»¿,0
"Check out: My Hood Doh, by Flixter Nossnevsï»¿",1
The best world cup song ever!!!!ï»¿,0
The population of world is more than 7 billionï»¿,0
I love katty perryï»¿,0
Her voice sounds weird and plus she&#39;s cute for a blondeï»¿,0
Laughing My Fucking Ass Off!!!ï»¿,0
I love this song for two reasons: 1.it is about Africa 2.i was born in beautiful south Africa,0
She is perfect,0
why the elephant have a broken hornï»¿,0
LoLï»¿,0
"Since she is a feminist champion, why would she want to reinforce the  stereotype of girls being girly by painting the nails of an elephant that  probably wouldn't even appreciate it?ï»¿",0
Awesome video this is one of my favorite  songsğŸ˜€ğŸ˜€ğŸ˜€ğŸ˜€ğŸ˜€ğŸ˜€ğŸ˜€â¤ï¸â¤ï¸â¤ï¸â¤ï¸â¤ï¸â¤ï¸â¤ï¸â¤ï¸ğŸ’ğŸ’ğŸ’ğŸ’ğŸ’ğŸ’„ğŸ’„ğŸ’„ğŸ’„ğŸ’‹ğŸ’‹ğŸ’‹ğŸ’‹ï»¿,0
"really want this video to get 1 billion views, would be amazing!ï»¿",0
I learned the shuffle because of themï»¿,0
2015!! LLIKEE!!ï»¿,0
This looks so fun and it's a good songï»¿,0
thumb up if you watching in 2015 and Â you like itï»¿,0
i like and love so much people all friends..... I love Shakira ^^,0
Why does this video have so many views? Because asian things are awesome and non-asian countries are jelly so they  try to learn from asia by looking at this video d:ï»¿,0
Katy perry songs aren't that bad ï»¿,0
I came here because of Vanoss.ï»¿,0
2010? The time past so fast ..ï»¿,0
"This is fucking shit. From the first notes, that becomes clear. Complete  and utter shit. May God come and cleanse the earth of the complete and  utter idiocy which is humankind.ï»¿",0
"Hey I think I know what where dealing with here!!!! I have some theories of  how this could've gotten 2billion hits!! 1. This was mabey made in korea and its realy popular there so they were  stuck watching this over and over again. 2. Over 2billion people have access to the Internet, including youtube, and  the numbers are rising, by 2017 half of the populatoin will be connected. 3. Hackers In Korea may have loved it so much they rised it to 2billion  hits to make it more popular.  4. The song was featured in a just dance game, on multiple mp3s, and been  seen on concerts and even on new years eve event in 2012, so just by seeing  those you mabey adding more hits to this video. 5. You are complaining to much on how the heck this has 2b hits.ï»¿",0
i like this song the video goes perfect with itï»¿,0
Who is still watching in 2015ï»¿,0
loveï»¿,0
What&#39;s with the guys jacket? 1 sleeve and a sleeveless armï»¿,0
1 millioon dislikesssssssssssssssssssssssssssssssss.............ï»¿,0
You can not hate eminem and nirvana...trust meï»¿,0
Love youï»¿,0
"Hi there, have you heard about DribbleProShot? Just do a search on Google. On their web site you can watch a smart free video featuring the best way to significantly boost your football aka soccer skills in no time... It turned Nick into a much better football or soccer player...His team mates were definitily amazed! I hope it will help you also...",1
I miss this song. ğŸ˜¢ï»¿,0
she is megan fox?because she is very similarï»¿,0
fav.ï»¿,0
Love the way you lie II is nicer in my opinion. :Dï»¿,0
wierd but funnyï»¿,0
is it bad that my realtionship is just like this lolï»¿,0
sorry but eminmem is a worthless wife beating bastardï»¿,0
This video is kinda close to 1 million  views <br />ï»¿,0
"I believe that soccer promotes terrorism. Bad choice, Shakira.ï»¿",0
Why so many disliked??????!!!!!!ğŸ˜¯ï»¿,0
"Hello Guys...I Found a Way to Make Money Online You Can Get Paid To Mess Around On Facebook And Twitter! GET PAID UPTO $25 to $35 AN HOUR...Only at 4NetJobs.com Work from the Comfort of your Home... They are Currently Hiring People from all Over the World, For a Wide Range of Social Media Jobs on Sites such as Facebook,Twitter and YouTube You don&#39;t Need any Prior Skills or Experience and You can Begin Work Immediately! You Can Easily Make $4000 to $5000+ Monthly Incomeâ€¦Only at 4NetJobs.com",1
The boyfriend was Charlie from the TV show LOST ï»¿,0
Check out this playlist on YouTube:ï»¿,1
I love  Shakira !!!!!! â¤ğŸµğŸ¶ğŸ¼ğŸ¸ï»¿,0
cooooooooooooolllllllllllï»¿,0
That guy charley of lost TV showï»¿,0
Hello. Ä° am from Azerbaijan<br />ï»¿,0
"Almost 1 billion views, nice.ï»¿",0
http://www.mediafire.com/download/yvovhafsv5qzzqo/Video.rar    download and  make money today ï»¿,1
Almost to a billion :)ï»¿,0
"Hahah, juyk! I allways laugh at the part 1:57.. LOL!ï»¿",0
Check out this video on YouTube:ï»¿,1
"Hey guys, I&#39;m a human.<br /><br /><br />But I don&#39;t want to be a human, I want to be a sexy fucking giraffe.<br /><br /><br />I already have the money for the surgery to elongate my spinal core, the surgery to change my skin pigment, and everything else! Like this post so others can root me on in my dream!!!!<br /><br /><br />Im fucking with you, I make music, check out my first song! <a rel=""nofollow"" class=""ot-hashtag"" href=""https://plus.google.com/s/%23giraffebruuh"">#giraffebruuh</a>ï»¿",1
http://www.guardalo.org/best-of-funny-cats-gatti-pazzi-e-divertenti-2013-5287/100000415527985/ ï»¿,1
Please visit this Website: oldchat.tk,1
i love herï»¿,0
I love this sooooooooooooong I love katy perryï»¿,0
Katy Perry is lionï»¿,0
Love this song makes me wanna dance! ï»¿,0
Katy Perry is garbage. Rihanna is the best singer in the world. ï»¿,0
BRï»¿,0
PLEASE SUBSCRIBE ME!!!!!!!!!!!!!!!!!!!!!!!!!!!!!!!!!!!!!!!!!!!!!!!!!!!!ï»¿,1
I LOVE YOU!!! Because u make me smile when im sad you cheer me up with your  beautiful songs (: &lt;3ï»¿,0
I love this shit but I disliked it because it's sucksï»¿,0
"2,000,000,000 out of 7,000,000,000 people in the would saw this video just  in 2 years and yeat i only get 2 words out of the hole songï»¿",0
my son love so muchï»¿,0
Loves itï»¿,0
This has had over 2 billion views.  Holy shit.ï»¿,0
"Lets be honest, you wouldn't last 1 day on your own in the jungle. Stop  living n a fairy world.ï»¿",0
Check out this video on YouTube:ï»¿,1
"You guys should check out this EXTRAORDINARY website called ZONEPA.COM . You can make money online and start working from home today as I am! I am making over $3,000+ per month at ZONEPA.COM ! Visit Zonepa.com and check it out! The plausible summer submits the behavior. When does the grass check the peaceful seat? The country strategizes the edge.",1
Love it when I can relate to my daughter's music. :-) Katy Perry - Roar  (Official): http://youtu.be/CevxZvSJLk8ï»¿,0
this has so many viewsï»¿,0
love lmfao party rockin keep it goingï»¿,0
You think you're smart?        Headbutt your face.ï»¿,0
Check out this video on YouTube:ï»¿,1
"Is this the video that started the whole ""got my dick stuck in an elevator""  excuse thing? ï»¿",0
Party Rock<br />ï»¿,0
Come and watch my video it is called the odowd crowd zombie movie part 1 ï»¿,1
Best for partying ï»¿,0
I love your songs eminem your the rap godï»¿,0
Waka waka,0
"Hey yall its the real Kevin Hart, shout out to my fans!!! follow me +RealKevinHeart ï»¿",1
"I want to see Shakira, not football :)",0
"I just realized that this verses in this song have the exact same melody as  the verses in ""Hey Ho"" by the Lumineers.ï»¿",0
Check out this video on YouTube:ï»¿,1
Cool song ï»¿,0
just :( superr!!!ï»¿,0
Who knows the name of that girl?.. and that one.. and that one...ï»¿,0
So freaking sad...ï»¿,0
How can this have 2 billion views when there's only me on the planet? LOLï»¿,0
Rihanna and Eminem together are unstoppable.ï»¿,0
love this songï»¿,0
"Its a good song and i like her video clip, because its a bout a girl that  her airplane crashed on a land far far away... and she found the way to  survive! And i love the pet tiget too( Kitty Purpy) lol :Dï»¿",0
Like eminenï»¿,0
Waka Waka!:D   Check out my new HALLOWEEN VIDEO!:),1
"no where near one of eminems actual best songs, real fans know what im talking about: Untitled, cold wind blows, welcome 2 hell, elevator, business, wtp, almost famous, 25 to life, rock bottom, no apologies, same song and dance, without me, way i am, toy soldiers, mosh and insane &lt; songs off the top of my head that&#39;s betterï»¿",0
Fire..ï»¿,0
Men stop being naive idiots believing in love and believing that women actually respect you. Â Want a more fulfilling drama fee life? Check out MGTOW. There are many channels here on YouTube that you can chose from which will give you all the information needed. (Caution: Not for men who enjoy being disposable providers of utility)ï»¿,1
I love song ï»¿,0
SUBSCRIBE me. if you do that leave your name so i can subs back ï»¿,1
i am a big fan of you and i love youï»¿,0
Why do I feel like as if Gangnam style copied their song from this?!ï»¿,0
The best song ever!ï»¿,0
"Man she is hot in this one, male companions visit my profile to check out  the coolest sextoy ever made!ï»¿",1
Nezo and Ed<br />Like&amp;share this page on facebook pleaseÂ ï»¿,1
amazing songï»¿,0
Waka waka she rules,0
Katy Perry - Roar (Official)  #soundsofsunday   #music  ï»¿,0
Lol this youtuber (officialpsy) is getting so much money lolï»¿,0
Who else saw jesses dancing sorry if I spelled it wrong  peaceâœŒï»¿,0
i love song :)ï»¿,0
I love this song,0
Omgï»¿,0
Love itï»¿,0
â¤ï¸ â¤ï¸ â¤ï¸ â¤ï¸ â¤ï¸â¤ï¸â¤ï¸â¤ï¸ï»¿,0
"She is good. Does she make any more music? If she doesn't, she should!ï»¿",0
Great video by a great artist in Katy Perry! Admire her creativity! Check  out our channel for no nonsense mobile tech reviews and comparisons as well  as an iPhone 6 and 6 Plus review and comparison!ï»¿,1
Free itunes $25 giftcard codes: http://shhort.com/a?r=OOCnjqU2bï»¿,1
"Came here to check the views, goodbye.ï»¿",0
Fantastic!!!ï»¿,0
"Still listening,still same pleasureï»¿",0
Hey! I'm NERDY PEACH and I'm a new youtuber and it would mean THE ABSOLUTE  world to me if you could check 'em out! &lt;3  Hope you like them! =Dï»¿,1
Wow,0
What my gangnam styleï»¿,0
How are there 2 billion views and theres only 2 million people in the  world!?!?!?!! MULTIPLE ACCOUNTS!!!1111ï»¿,0
I love it,0
https://www.facebook.com/antrobofficialï»¿,1
thumbs up if u checked this video to see hw views it gotï»¿,0
"this video is very inaccurate, a tiger would rip her face ofï»¿",0
go here to check the views :3ï»¿,0
I #votekatyperry for the 2014 MTV #VMA Best Lyric Video! See who's in the  lead and vote:  http://on.mtv.com/Ut15kXï»¿,1
:Dï»¿,0
Best World Cup Songï»¿,0
Nice vÃ­deo shakira goodï»¿,0
What Can i say....This Song He Just Change The World Completely... So good job PSY... (and your girls are awesome :))) )ï»¿,0
I like itï»¿,0
2015 LIKEEEï»¿,0
The rap: cool     Rihanna: STTUUPIDï»¿,0
"Party rock anthem is love,party rock anthem is lifeï»¿",0
Check out this video on YouTube:loï»¿,1
She is a perfect wonder.....ï»¿,0
Thumbs up if you&#39;re watching in 2015ï»¿,0
Charlie got off the island and dated Megan Fox? b-but what about claire?ï»¿,0
2 BILLION!!!ï»¿,0
I did a cover if u want to check it out THANK U.....Michael Age 8ï»¿,1
"Holy crap. 800,000,000 views?!ï»¿",0
http://www.twitch.tv/jaroadc come follow and watch my stream!ï»¿,1
Party rockï»¿,0
everyday I&#39;m shufflinï»¿,0
Wow this video is the most viewed youtube video.. second that comes Justin  bieber- baby SMH WHAT HAS THE WORLD COME TOï»¿,0
i like this steps...ï»¿,0
My telephone!ï»¿,0
Strong messages in every  song I&#39;ve  heard.ï»¿,0
is that megan fox x:D?ï»¿,0
I really like this song.ï»¿,0
"Almost 1 Bil. What? Wow, GS sucks, in my opinion.ï»¿",0
The perfect example of abuse from husbands and the thing is I&#39;m a feminist so I definitely agree with this song and well...if I see this someone&#39;s going to die! Just sayin.ï»¿,0
Song name??ï»¿,0
Like this comment for no reasonï»¿,1
Thumbs up if you listen this in 2015.ï»¿,0
good!!,0
You know a song sucks dick when you need to use google translate to know  what the fuck its saying!ï»¿,0
is that megan fox?ï»¿,0
Behold the most viewed youtube video in the history of everï»¿,0
I felt old when I realized that this song was 5 years old...ï»¿,0
The TREU DETECTIVE alternate ending! __ http://www.funnyordie.com/videos/d15fb87973/true-defectivesï»¿,1
"<a href=""http://www.youtube.com/watch?v=KQ6zr6kCPj8&amp;t=2m19s"">2:19</a> best partï»¿",0
Is that Charlie from lost?<br />ï»¿,0
Remeber the good ol&#39; days when songs weren&#39;t about butts.  ï»¿,0
good partyï»¿,0
:)ï»¿,0
Hi loving itï»¿,0
"Every time I hear this song, I think about Iniesta&#39;s goal against the Netherlands...ï»¿",0
We pray for you Little Psy â™¡ï»¿,0
I love this songï»¿,0
This is getting old.........ï»¿,0
:-D â™ªâ™ªâ™ª This is my favorite song â™¥ï»¿,0
katy is mine the girl of my dreams â™¥ï»¿,0
Oppa! Yeah! Best Song!ï»¿,0
In what South American jungle or any jungle for that matter do you find an  African elephant and a bengal tiger in the same place. Who made this video.ï»¿,0
Ouf Ouf OUFFFFFFFFFFFFFFFFFF!!!!!!!! :),0
LOVE IT!!!!!!!ï»¿,0
"The projects After Effects, Music, Foto, Web sites and another you can find  and buy here  http://audiojungle.net/user/EugeneKalinin/portfolio?ref=EugeneKalininï»¿",1
There is 7 bilion poeple on earth Now stop being dumbï»¿,0
You best singerï»¿,0
Best. Song. EVER ğŸ™Œï»¿,0
He is good boy!!!<br />I am krean I like to eminem~!~ï»¿,0
Subscribe to My CHANNELï»¿,1
https://www.facebook.com/photo.php?fbid=313454548839369&amp;set=a.207230212795137.1073741825.100005244783212&amp;type=1&amp;theater  1111111111111111111ï»¿,1
Thank you. Please give your email.Â ï»¿,1
Good times ...ï»¿,0
katy is beautiful. and this song is catchy. I'm a rapper with 25000  subscribers.. thumbs up if you hate when you take a shit and the water  splashes your ballsï»¿,1
"Shakira is different :) She is so happy all the time and she is spending for Africa :)<br />She can dance , sing and she speaks 4 languagesï»¿",0
She&#39;s such an awesome entertainer. And pretty too! &lt;3 Shakira!ï»¿,0
this song gives me strength! love her lyrics. this video really brings the  lyrics to life. I'm getting known fast because i rap with meaning.. thumbs  up if you piss next to the water in the toilet so its quiet...ï»¿,1
I like you . Katy Perry 600â–²60â–²6â–²ï»¿,0
Looooooooove this song!!!!!!!!!:))))))ï»¿,0
Anybody else here in 2015?ï»¿,0
why I dont see any comments but mine?:/ï»¿,0
With the korean girl more slut and bitch : Hyuna :'33ï»¿,0
4 fucking years are fucking past so fucking fast fuck.....ï»¿,0
Best song for everğŸ’œğŸ’œğŸ˜¢<br />ï»¿,0
OPPA GANGNAM STYLE!!!ï»¿,0
I love you!â¤âœ¨ï»¿,0
"We get it, you came here for the views... ï»¿",0
gootï»¿,0
Maybe the best music video in the last 15 years? This is how pop music is  done folks!ï»¿,0
need money?Enjoy https://www.tsu.co/emerson_zanolï»¿,1
Message :   GTA V  $20  FIFA 14 $15  PS4  $200  Galaxy S4 mini $250  Ipad 4   $200  visit the site hh.nl,1
Love songï»¿,0
Omg! This guy sounds like an american professor greenï»¿,0
Check out this video on YouTube:fb iï»¿,1
im still watching in 2015ï»¿,0
Check out this playlist on YouTube<br />ï»¿,1
"Awesome song!,congratulations!!!ï»¿",0
Thumbs up if you watched it in 2011ï»¿,0
My uncle said he will stop smoking if this comment gets 500 likes! Please like this comment! Thanks.ï»¿,1
good musicï»¿,0
Almost 1 billionï»¿,0
Best Music Ever!!!ï»¿,0
2015<br />I like videoï»¿,0
"Love these guys, love the song!ï»¿",0
Check out this video on YouTube:ï»¿,1
" I really can&#39;t comprehend Miley Cyrus , she actually is a high profile and she tapes herself banging Today a video was leeched with her sucking and fucking The video has been posted at the celebrity website under :  miley-celeb-news.co.uk ",1
everyday i&#39;m subscribeï»¿,1
Check out this video on YouTube:ï»¿,1
FREe ITunes Gift card http://shhort.com/a?r=x6J4gBrneï»¿,1
"This is so cool,why haven&#39;t I heard this before?ï»¿",0
Best songï»¿,0
"This song is the most boring, asinine song I have ever heard. Coming from a  guy who liked ""Teenage Dream"" (the song). Ever since Katy Perry's divorce  it's wave after wave of shitty but successful songs... For those of you  saying ""This is the next wave of pop music"". Stick it up your ass. Katy  Perry is like Silly Putty. ï»¿",0
This video will get to 2 billion just because of people checking if it has  hit 2 billion yet.ï»¿,0
she is beautiful but it is not American!ï»¿,0
"she is a fool. this is a foolish video. the lyrics are all about her and  how great she is. she is arrogant, obviously. but the thing is that there  are a lot of idiots.. look how many hits this garnered. the young stupid  girls who listen to her are numbering in the millions i guess. this video  is a piece of trash. why would anyone ever like it or listen to it? because  these stupid little girls have idiots for fathers and mothers.. and so they  are going to turn into idiots also.. just like this stupid singer. ï»¿",0
The Funny Thing Is That this song was made in 2009 but it took 2 years to  get to america.ï»¿,0
Subscribe to me i subscribe back!!!! Plus i have a nice ass lolï»¿,1
I love the song roar it make me think am fill the wayï»¿,0
"860,000,000 lets make it first female to reach one billion!! Share it and replay it! ï»¿",0
Best song ever!!!!ï»¿,0
"Im a RAPPER/SONGWRITER, check my video PLEASE..also subscribe for more  thanks :) tell me what you think.ï»¿",1
omgï»¿,0
subscribe to itz recaps and above diddleï»¿,1
"they said this video are not deserve 2billion views , while they keep  visiting it to watch the viewer . ï»¿",0
LMFAO IS THE BESTï»¿,0
I remember back when this was so popular everyone on our school was shuffling it was crazyï»¿,0
it is wonderfulï»¿,0
At least she didn't get rid of her completely useless makeup.ï»¿,0
Check out my drum cover of E.T. here! thanks -&gt;   /watch?v=NO9pOVZ9OIQ&amp;list=UUltuCDIHsDeI01by1OW7WuQï»¿,1
Plz subscribe to my channel and I will subscribe back xxï»¿,1
BEST PARTY SONG LITERALLY PARTY ROCK IS IN THE HOUSEE TONIGHT!!!!ï»¿,0
"The girl in the train who was dancing, her outfit was so fucking sexy, but  the huge turn-off was she lacked eyebrows D:ï»¿",0
Youtube comments be like<br />This is so 5 years ago. ï»¿,0
Subscribe My Channelï»¿,1
THIS IS SHIT AND SOOOOO AUTOTUNEDï»¿,0
I love youï»¿,0
Not badï»¿,0
I fucking hate her. Why? Because she don't write her songs she got  producers for that. Second why tha fack is she in every song almost nude  mayby because she's an attention hooker.ï»¿,0
Shakira - Waka Waka <br />LOVE THIS SONG!!!!!!!!!!!!!!!ï»¿,0
The best FIFA world cup song for sure.ï»¿,0
2.126.521.750  views!!!!!!!!!!!!!!!!!ï»¿,0
most viewed video in the worldï»¿,0
1 million dislikes!EPIC FAIL(ready for you fanboys)ï»¿,0
PSY GOT LOTS  OF MONEY FROM YOUTUBE THAT HE GOT FROM 2 BILLION VIEWS THIS  IS THE MOST VIEWS IN THE WORLD :Dï»¿,0
Subscribe and Win a CAP<br />       â˜†â˜†â˜†â˜†â˜†ï»¿,1
Niceï»¿,0
She is perfect! &lt;3,0
so spousal abusue cool that&#39;s greatï»¿,0
"Does anyone here use gift cards like Amazon, itunes, psn, google play,  itunes, or any other gift cards? Then you'll be happy to know you can get  free gift card codes for free from an amazing site. Here is a $50 itunes  gift card code XXBB5TCZHM39HVZDï»¿",1
Nice songï»¿,0
Most viewed video on youtube...daaaaaaaaaaannng those views can almost  dominate the entire...china...ï»¿,0
Who&#39;s watching in 2015 Subscribe for me !ï»¿,1
I miss when people dressed like this.ï»¿,0
subscribe to me and I wil subscribe to you backï»¿,1
"Subscribe pleaaaase to my instagram account , i'll subscribe back â™¥  http://instagram.com/cyrine_ghorbelï»¿",1
Hi I am from bangladesh ğŸ’œï»¿,0
"Ahhh, 2 years ago....ï»¿",0
"I can't comprehend why this video has nearly 700,000,000 views. Some people  found 'Gangnam Style' funny so that explains its high view count but this  is just an awful pop song. I really have no clue on this one.ï»¿",0
http://thepiratebay.se/torrent/10626048/The.Expendables.3.2014.DVDScr.LEAKED.CLEAN.XviD.MP3-RARBG ï»¿,1
everyones back lool this is almost 3 years old and people are still hear!  xDï»¿,0
OMG LOVE THIS!,0
nice songï»¿,0
http://hackfbaccountlive.com/?ref=4436607  psy news offÄ±cal ï»¿,1
"My honest opinion. It's a very mediocre song. Nothing unique or special  about her music, lyrics or voice. Nothing memorable like Billie Jean or  Beat It. Before her millions of fans reply with hate comments, i know this  is a democracy and people are free to see what they want. But then don't I  have the right to express my opinion? Please don't reply with dumb comments  lie ""if you don't like it don't watch it"". I just came here to see what's  the buzz about(661 million views??) and didn't like what i saw. OK?ï»¿",0
i love you katy perry because you will sing nice than shakiraï»¿,0
Wow;)ï»¿,0
"Hey, I am doing the Forty Hour famine so I&#39;ll be giving up on food and social working for 40 hours. I&#39;m doing this to raise money for African people who can&#39;t experience the luxuries that we can. So can you donate to give them a chance?  Any amount would do :)  Click on the link and donate h t t p : / / 4 0 h f . c o m . a u / A n t h o n y L a m Thanks :)",1
who is going to reach the billion first : katy or taylor ?ï»¿,0
Hi everyone! My dream is to have passionate sex with Katy Perry. Some people do not believe in meâ€¦but maybe you will. Sex is a giant part of my life and it pushes me to be a better person! Please give me a chance by giving me a thumbs up! If you love my ambition please SUBSCRIBE!ï»¿,1
I love itï»¿,0
"Lol...I dunno how this joke gets a lot of likes, but whatever. xDï»¿",0
Put famous people in the jungle for an hour and look what happens.ï»¿,0
fucking love it omg :vï»¿,0
She is perfect,0
Katy Perry You Are Looking Soo PRETTY DAMN CUTE :-* :-*ï»¿,0
Yeah! Let&#39;s start the party!ï»¿,0
we all love you Katy Perry &lt;3ï»¿,0
"969,210 dislikes like dislike themselvesï»¿",0
Nice,0
awesome,0
Very Nice !ï»¿,0
cool,0
2 billion for this shit?ï»¿,0
:3ï»¿,0
I love this song so much!:-D I've heard it so much I pretty much memorized  the lyricsï»¿,0
sorry to all my haters<br /><br /><br /><br /><br /><br /><br /><br /><br /><br /><br /><br /><br />for party rock enï»¿,0
Love the way you lie - Driveshaftï»¿,0
DISLIKE.. Now one knows REAL music - ex. Enimen ï»¿,0
â¤ï¸â¤ï¸â¤ï¸ï»¿,0
SUPER!!! !!!!!!!!!!!!!!!!!!!!!!!!!!!!!!!!!!!!!!!!ï»¿,0
"This is the best, funny and viral video of history (youtube) THE TRUEï»¿",0
"Its funny that Mahogany is there lmao, I actually didn&#39;t know that her brother and uncle are part of LMFAOï»¿",0
and u should.d check my channel and tell me what I should do next!ï»¿,1
http://shhort.com/a?r=G8iX5cTKdï»¿,1
hahahahah â™¥â™¥â™¥â™¥ :D like vines ?  Subscribe to me for daily vines,1
"great song, but we all know that Katy buys her views..ï»¿",0
wowwwwwwwwwwwwwwwwwwwwwwwwwwwwwwï»¿,0
Where are Shakifans?,0
who the fuck cheats on megan foxï»¿,0
wow,0
I love that you subscribedï»¿,1
Stupid people... this video doesnt have 2 billion visits. Have 2 thousands  millionsï»¿,0
Yesterday this video have 1 million likes and now it has 2 millionï»¿,0
Best song ever made i swear :D i still hear even doe it old!! who else?ï»¿,0
Waka waka eh ehï»¿,0
Check out this funny video &quot;Cereal Box Knocks out Baby&quot; on my channel.ï»¿,1
Super awesome video<br />ï»¿,0
why are they 5million comments when there is only 279.898 youtube Users.   5million fake account or PSY hacked youtubeï»¿,0
This Song Was Good Until It Got Overplayed The Hell Out Of On Radioï»¿,0
"People Who Say That ""This Song Is Too Old Now, There's No Point Of  Listening To It"" Suck. Just Stfu And Enjoy The Music. So, Your Mom Is Old  Too But You Still Listen To Her Right?....ï»¿",0
visit &quot; ww estiloproduction com &quot; best website to make money,1
Wow dance showï»¿,0
awesomeï»¿,0
Please check out and send to others Freedom and Justice are on the line!  Please Google:   Steven L. Reed Case Lands in Supreme Court---thanks!,1
If you pause at 1:39 at the last millisecond you can see that that chick is  about to laugh. Takes a few tries.ï»¿,0
still listening in 2015ï»¿,0
She is good,0
Megan Fox is gorg in this!! Eminem is truly the rap god :)ï»¿,0
Hey check out our new musicvideo &#39;&#39;Life&#39;s a celebration&#39;&#39; Peace !,1
Lemme Top Comments Please!!ï»¿,0
Take a look at this video on YouTube:ï»¿,1
I    loved        it           so       much          because         you          get         to         stand            fear .ï»¿,0
Hi.. Everyone.. If anyone after real online work. I can help u. Earn lots of money. It&#39;s fun. It&#39;s real and affiliated company.. U not think u r working. It&#39;s easy and enjoyable. For more info contact me .. Neeru105@ gmail.com,1
Likeï»¿,0
http://www.amazon.com/Knight-Dawn-cursed-Daniel-N-ebook/dp/B00MPPQHRI/ref=sr_1_7?s=digital-text&amp;%3Bie=UTF8&amp;%3Bqid=1408122684&amp;%3Bsr=1-7&amp;%3Bkeywords=knight&amp;tag=wattpad-20     some people are very talented but some are more talented but there is no  sponsorï»¿,1
MANY MEMORIES...........ï»¿,0
EMINEM&lt;3Â <br />the best rapper ever&lt;3ï»¿,0
i love uÂ  shakiraï»¿,0
like meï»¿,0
"I love this song, itÂ´s for empowering every woman :)  ""youÂ´re gonna hear me roar"" ;)ï»¿",0
Best world cup offical songï»¿,0
"I guss this song is one of my worst fears in life, to be with someone who abusive towered me and live with him.... ï»¿",0
"Hello! Do you like gaming, art videos, scientific experiments, tutorials,  lyrics videos, and much, much more of that? If you do please check out our  channel and subscribe to it, we've just started, but soon we hope we will  be able to cover all of our expectations... You can also check out what  we've got so far!ï»¿",1
"How is this the most watched Eminem video, it beats not afraid? ï»¿",0
waka waka:-):-):-)ï»¿,0
Remeber when this song was goodï»¿,0
I always end up coming back to this song<br />ï»¿,0
Fantastic!ï»¿,0
Abomination! Subscribe if you agree :| party here in my channel. cool lights.ï»¿,1
I like this song very muchï»¿,0
Check out this video on YouTube:ï»¿,1
This comment will randomly get lot's of likes and replies for no reason. I  also like Jello. Strawberry jello.ï»¿,0
Check out this video on YouTube:ï»¿,1
I loveï»¿,0
so beutiful,0
beautiful,0
cool song ever good thing its hereï»¿,0
"i think they were drunk when they shot the first half of the video and then the sec on half comes in, and her boobs are magically bigger and  she's more beautiful suddenly, and the dude practically vanishes ï»¿",0
Hi guys i sell Jack Daniel's Hard Back Cover Case for iPhone 5 5S 5C 4S 4   6'' Old Time with only 3 Dollars on Ebay:  http://www.ebay.com/itm/251638183951?ssPageName=STRK:MESELX:IT&amp;_trksid=p3984.m1555.l2649 ï»¿,1
"love the way you lie featuring rhianna, hes an awesome rapper!!! shes an awesome singer!!!ï»¿",0
#2015 FUCK YEAHï»¿,0
go check out our videoï»¿,1
"okay, this should cover me for some time... Thumbs up if you&#39;re watching while youtube still exists.ï»¿",1
Shakira is my favourite singer. Woooooï»¿,0
2 billion....Coming soonï»¿,0
beautifulï»¿,0
Your a fucking bitch,0
Never get old ï»¿,0
"Enough with the whole ""how does this have two billion views if there's only  7 million on the planet"" we get it. You're joking. It's not funny anymore.ï»¿",0
Watching in 2015ï»¿,0
https://www.facebook.com/pages/Brew-Crew-2014/134470083389909 Like this  facebook-page! Chance to win an Iphone 5S!ï»¿,1
LIKKEEï»¿,0
this song always gives me chills! :),0
Eminem is the greatest artist to ever touch the mic.ï»¿,0
Likeeeeï»¿,0
Charlie from Lost!ï»¿,0
I liked<br />ï»¿,0
this song is NICEï»¿,0
awesomeï»¿,0
CHECK OUT MY CHANNEL,1
It should be illegal to be this goodlooking as this babe is...ï»¿,0
waka wakaï»¿,0
it pisses me off a bit that blank space has more views (868 mio) than this. meh ï»¿,0
"if you want to win money at hopme click hereÂ <a href=""https://www.paidverts.com/ref/sihaam01"">https://www.paidverts.com/ref/sihaam01</a> it&#39;s work 100/100ï»¿",1
This is my favorite song ever love this Party Rock It Everybody!!!!ï»¿,0
2011- the last year of decent music.ï»¿,0
The best song ever!ï»¿,0
5th most viewed video.. i guessï»¿,0
this jap is such a piece of shit. he is such a worthless fish head. i dont  know how any one likes this dumb untanlted gook. this isnt even fucken  music. this is so fucking sad that this is even such thing. people are so  fucked up.ï»¿,0
Like this in 2015! :Dï»¿,0
Love this video and the song of courseï»¿,0
Shakira,0
Who is watching in 2015 likeï»¿,0
This is so stupid. If you Roared at a Lion in real life you'd dedeï»¿,0
https://www.indiegogo.com/projects/cleaning-the-pan--2    please halp me  with my projectï»¿,1
Wow I love it ï»¿,0
this song is fu cking awesom!!!!!!!ï»¿,0
I remember when everyone was obsessed with Gangnam Style ğŸ˜—ï»¿,0
You are the music heroğŸ˜ğŸ˜ï»¿,0
"Hi, nice song Shakira! (Sorry for bad Brazilian)ï»¿",0
Love this song so much! One of my faves! Xxxï»¿,0
Check out my music niggasï»¿,1
tensionâ¤´ï¸â¤´ï¸ï»¿,0
2015 but Im still listening to this!ï»¿,0
Shakira :-*,0
Check out this playlist on YouTube:ğŸ‘¿ğŸ‘³ğŸ‘³ğŸ‘³ğŸ‘³ğŸ‘³ï»¿,1
Love your songs<br />Supper cool<br />ï»¿,0
Love you shkiraï»¿,0
I love you,0
WAT DA FUCK THIS THE MOST VIEWED VIDEO IN YOUTUBE!ï»¿,0
I love this song because we sing it at Camp all the time!!,0
"To help shakira become the first female to hit 1billiom views, I&#39;ve decided to watch this Video at least one a day. Everyday! Shakifans we r so close just hit the replay button !!!ï»¿",0
Boooobsï»¿,0
"Katy Perry is part of me Katy Perry is my firework Katy Perry, I love youï»¿",0
Ching Ching ling long ding ring yaaaaaa Ganga sty FUCK YOU.ï»¿,0
Is that girl is Megan fox ï»¿,0
shakira is the best!,0
I loved this song when I was in my teenage years!ï»¿,0
LOL this shit never gets oldï»¿,0
